date,home_team,away_team,home_score,away_score,tournament,city,country,neutral
2018-03-27,Iraq,Syria,1,1,Friendly,Basra,Iraq,FALSE
2018-03-27,Jordan,Vietnam,1,1,AFC Asian Cup qualification,Amman,Jordan,FALSE
2018-03-27,North Korea,Hong Kong,2,0,AFC Asian Cup qualification,P'yŏngyang,North Korea,FALSE
2018-03-27,Kosovo,Burkina Faso,2,0,Friendly,Franconville,France,TRUE
2018-03-27,Kyrgyzstan,India,2,1,AFC Asian Cup qualification,Bishkek,Kyrgyzstan,FALSE
2018-03-27,Laos,Bangladesh,2,2,Friendly,Vientiane,Laos,FALSE
2018-03-27,Lebanon,Malaysia,2,1,AFC Asian Cup qualification,Beirut,Lebanon,FALSE
2018-03-27,Luxembourg,Austria,0,4,Friendly,Luxembourg,Luxembourg,FALSE
2018-03-27,Maldives,Bhutan,7,0,AFC Asian Cup qualification,Malé,Maldives,FALSE
2018-03-27,Mexico,Croatia,0,1,Friendly,Arlington,United States,TRUE
2018-03-27,Moldova,Ivory Coast,1,2,Friendly,Beauvais,France,TRUE
2018-03-27,Mongolia,Mauritius,0,2,Friendly,Ulan Bator,Mongolia,FALSE
2018-03-27,Montenegro,Turkey,2,2,Friendly,Podgorica,Montenegro,FALSE
2018-03-27,Morocco,Uzbekistan,2,0,Friendly,Casablanca,Morocco,FALSE
2018-03-27,Namibia,Lesotho,2,1,Friendly,Windhoek,Namibia,FALSE
2018-03-27,Oman,Palestine,1,0,AFC Asian Cup qualification,Muscat,Oman,FALSE
2018-03-27,Peru,Iceland,3,1,Friendly,Harrison,United States,TRUE
2018-03-27,Philippines,Tajikistan,2,1,AFC Asian Cup qualification,Manila,Philippines,FALSE
2018-03-27,Poland,South Korea,3,2,Friendly,Chorzów,Poland,FALSE
2018-03-27,Romania,Sweden,1,0,Friendly,Craiova,Romania,FALSE
2018-03-27,Russia,France,1,3,Friendly,St. Petersburg,Russia,FALSE
2018-03-27,Serbia,Nigeria,2,0,Friendly,London,England,TRUE
2018-03-27,Seychelles,Eswatini,0,0,Friendly,Victoria,Seychelles,FALSE
2018-03-27,Slovenia,Belarus,0,2,Friendly,Ljubljana,Slovenia,FALSE
2018-03-27,Spain,Argentina,6,1,Friendly,Madrid,Spain,FALSE
2018-03-27,Switzerland,Panama,6,0,Friendly,Lucerne,Switzerland,FALSE
2018-03-27,Chinese Taipei,Singapore,1,0,AFC Asian Cup qualification,Taipei,Chinese Taipei,FALSE
2018-03-27,Tanzania,DR Congo,2,0,Friendly,Dar es Salaam,Tanzania,FALSE
2018-03-27,Tunisia,Costa Rica,1,0,Friendly,Nice,France,TRUE
2018-03-27,Uganda,Malawi,0,0,Friendly,Kampala,Uganda,FALSE
2018-03-27,Ukraine,Japan,2,1,Friendly,Liège,Belgium,TRUE
2018-03-27,United States,Paraguay,1,0,Friendly,Cary,United States,FALSE
2018-03-27,Yemen,Nepal,2,1,AFC Asian Cup qualification,Doha,Qatar,TRUE
2018-04-01,Malaysia,Bhutan,7,0,Friendly,Kuala Lumpur,Malaysia,FALSE
2018-04-08,Barawa,Chagos Islands,4,1,Friendly,London,England,FALSE
2018-04-15,Barawa,Yorkshire,2,7,Friendly,London,England,FALSE
2018-04-18,Trinidad and Tobago,Panama,0,1,Friendly,Couva,Trinidad and Tobago,FALSE
2018-04-18,Zimbabwe,Botswana,0,1,Friendly,Harare,Zimbabwe,FALSE
2018-04-26,Saint Kitts and Nevis,Jamaica,1,3,Friendly,Basseterre,Saint Kitts and Nevis,FALSE
2018-04-30,Antigua and Barbuda,Jamaica,0,2,Friendly,St. John's,Antigua and Barbuda,FALSE
2018-05-06,Barawa,Surrey,1,3,Friendly,London,England,FALSE
2018-05-08,Iraq,Palestine,0,0,Friendly,Basra,Iraq,FALSE
2018-05-09,Algeria,Saudi Arabia,0,2,Friendly,Cádiz,Spain,TRUE
2018-05-11,Kuwait,Palestine,2,0,Friendly,Kuwait City,Kuwait,FALSE
2018-05-15,Saudi Arabia,Greece,2,0,Friendly,Seville,Spain,TRUE
2018-05-19,Iran,Uzbekistan,1,0,Friendly,Teheran,Iran,FALSE
2018-05-20,Jordan,Cyprus,3,0,Friendly,Amman,Jordan,FALSE
2018-05-25,Kuwait,Egypt,1,1,Friendly,Kuwait,Kuwait,FALSE
2018-05-25,Kenya,Eswatini,0,1,Friendly,Machakos,Kenya,FALSE
2018-05-26,China PR,Burma,1,0,Friendly,Nanjing,China PR,FALSE
2018-05-27,Cameroon,Burkina Faso,0,1,Friendly,Beauvais,France,TRUE
2018-05-27,Niger,Central African Republic,3,3,Friendly,Niamey,Niger,FALSE
2018-05-27,Madagascar,Mozambique,2,1,COSAFA Cup,Polokwane,South Africa,TRUE
2018-05-27,Comoros,Seychelles,1,1,COSAFA Cup,Polokwane,South Africa,TRUE
2018-05-28,United States,Bolivia,3,0,Friendly,Chester,United States,FALSE
2018-05-28,Nigeria,DR Congo,1,1,Friendly,Port Harcourt,Nigeria,FALSE
2018-05-28,Kenya,Equatorial Guinea,1,0,Friendly,Machakos,Kenya,FALSE
2018-05-28,Portugal,Tunisia,2,2,Friendly,Braga,Portugal,FALSE
2018-05-28,Italy,Saudi Arabia,2,1,Friendly,St. Gallen,Switzerland,TRUE
2018-05-28,France,Republic of Ireland,2,0,Friendly,Saint-Denis,France,FALSE
2018-05-28,Mexico,Wales,0,0,Friendly,Pasadena,United States,TRUE
2018-05-28,Turkey,Iran,2,1,Friendly,Istanbul,Turkey,FALSE
2018-05-28,South Korea,Honduras,2,0,Friendly,Daegu,South Korea,FALSE
2018-05-28,Bosnia and Herzegovina,Montenegro,0,0,Friendly,Zenica,Bosnia and Herzegovina,FALSE
2018-05-28,Malawi,Mauritius,0,1,COSAFA Cup,Polokwane,South Africa,TRUE
2018-05-28,Angola,Botswana,1,2,COSAFA Cup,Polokwane,South Africa,TRUE
2018-05-29,Argentina,Haiti,4,0,Friendly,Buenos Aires,Argentina,FALSE
2018-05-29,Albania,Kosovo,0,3,Friendly,Zürich,Switzerland,TRUE
2018-05-29,Armenia,Malta,1,1,Friendly,Wattens,Austria,TRUE
2018-05-29,Azerbaijan,Kyrgyzstan,3,0,Friendly,Baku,Azerbaijan,FALSE
2018-05-29,Peru,Scotland,2,0,Friendly,Lima,Peru,FALSE
2018-05-29,Panama,Northern Ireland,0,0,Friendly,Panama City,Panama,FALSE
2018-05-29,Madagascar,Seychelles,1,1,COSAFA Cup,Polokwane,South Africa,TRUE
2018-05-29,Comoros,Mozambique,0,3,COSAFA Cup,Polokwane,South Africa,TRUE
2018-05-30,Japan,Ghana,0,2,Friendly,Yokohama,Japan,FALSE
2018-05-30,Central African Republic,Uganda,1,0,Friendly,Niamey,Niger,TRUE
2018-05-30,Austria,Russia,1,0,Friendly,Innsbruck,Austria,FALSE
2018-05-30,Malawi,Botswana,1,1,COSAFA Cup,Polokwane,South Africa,TRUE
2018-05-30,Angola,Mauritius,1,0,COSAFA Cup,Polokwane,South Africa,TRUE
2018-05-30,Estonia,Lithuania,2,0,Baltic Cup,Rakvere,Estonia,FALSE
2018-05-31,Ukraine,Morocco,0,0,Friendly,Geneva,Switzerland,TRUE
2018-05-31,Romania,Chile,3,2,Friendly,Graz,Austria,TRUE
2018-05-31,Luxembourg,Senegal,0,0,Friendly,Luxembourg,Luxembourg,FALSE
2018-05-31,Mozambique,Seychelles,2,1,COSAFA Cup,Polokwane,South Africa,TRUE
2018-05-31,Comoros,Madagascar,0,1,COSAFA Cup,Polokwane,South Africa,TRUE
2018-05-31,Slovakia,Netherlands,1,1,Friendly,Trnava,Slovakia,FALSE
2018-05-31,Ellan Vannin,Cascadia,4,1,CONIFA World Football Cup,Sutton,England,TRUE
2018-05-31,Barawa,Tamil Eelam,4,0,CONIFA World Football Cup,Bromley,England,FALSE
2018-05-31,Abkhazia,Tibet,3,0,CONIFA World Football Cup,Enfield,England,TRUE
2018-05-31,Northern Cyprus,Kárpátalja,1,1,CONIFA World Football Cup,Enfield,England,TRUE
2018-05-31,Székely Land,Tuvalu,4,0,CONIFA World Football Cup,Haringey,England,TRUE
2018-05-31,Padania,Matabeleland,6,1,CONIFA World Football Cup,Sutton,England,TRUE
2018-05-31,United Koreans in Japan,Western Armenia,0,0,CONIFA World Football Cup,Carshalton,England,TRUE
2018-05-31,Panjab,Kabylia,8,0,CONIFA World Football Cup,Slough,England,TRUE
2018-06-01,France,Italy,3,1,Friendly,Nice,France,FALSE
2018-06-01,Turkey,Tunisia,2,2,Friendly,Geneva,Switzerland,TRUE
2018-06-01,South Korea,Bosnia and Herzegovina,1,3,Friendly,Jeonju,South Korea,FALSE
2018-06-01,Czech Republic,Australia,0,4,Friendly,Sankt Pölten,Austria,TRUE
2018-06-01,Algeria,Cape Verde,2,3,Friendly,Algiers,Algeria,FALSE
2018-06-01,Colombia,Egypt,0,0,Friendly,Bergamo,Italy,TRUE
2018-06-01,Malta,Georgia,0,1,Friendly,Schwaz,Austria,TRUE
2018-06-01,Botswana,Mauritius,6,0,COSAFA Cup,Polokwane,South Africa,TRUE
2018-06-01,Angola,Malawi,0,0,COSAFA Cup,Polokwane,South Africa,TRUE
2018-06-01,India,Chinese Taipei,5,0,Intercontinental Cup,Mumbai,India,FALSE
2018-06-02,El Salvador,Honduras,1,0,Friendly,Houston,United States,TRUE
2018-06-02,Thailand,China PR,0,2,Friendly,Bangkok,Thailand,FALSE
2018-06-02,England,Nigeria,2,1,Friendly,London,England,FALSE
2018-06-02,Montenegro,Slovenia,0,2,Friendly,Podgorica,Montenegro,FALSE
2018-06-02,Mexico,Scotland,1,0,Friendly,Mexico City,Mexico,FALSE
2018-06-02,Sweden,Denmark,0,0,Friendly,Solna,Sweden,FALSE
2018-06-02,Republic of Ireland,United States,2,1,Friendly,Dublin,Republic of Ireland,FALSE
2018-06-02,Belgium,Portugal,0,0,Friendly,Brussels,Belgium,FALSE
2018-06-02,Austria,Germany,2,1,Friendly,Klagenfurt,Austria,FALSE
2018-06-02,Niger,Uganda,2,1,Friendly,Niamey,Niger,FALSE
2018-06-02,Iceland,Norway,2,3,Friendly,Reykjavík,Iceland,FALSE
2018-06-02,Zambia,Namibia,0,0,COSAFA Cup,Polokwane,South Africa,TRUE
2018-06-02,Lesotho,Eswatini,1,0,COSAFA Cup,Polokwane,South Africa,TRUE
2018-06-02,Latvia,Estonia,1,0,Baltic Cup,Riga,Latvia,FALSE
2018-06-02,Kenya,New Zealand,2,1,Intercontinental Cup,Mumbai,India,TRUE
2018-06-02,Ellan Vannin,Tamil Eelam,2,0,CONIFA World Football Cup,Carshalton,England,TRUE
2018-06-02,Barawa,Cascadia,1,2,CONIFA World Football Cup,Carshalton,England,FALSE
2018-06-02,Abkhazia,Kárpátalja,0,2,CONIFA World Football Cup,Enfield,England,TRUE
2018-06-02,Northern Cyprus,Tibet,3,1,CONIFA World Football Cup,Enfield,England,TRUE
2018-06-02,Székely Land,Matabeleland,5,0,CONIFA World Football Cup,Haringey,England,TRUE
2018-06-02,Padania,Tuvalu,8,0,CONIFA World Football Cup,Haringey,England,TRUE
2018-06-02,United Koreans in Japan,Kabylia,0,0,CONIFA World Football Cup,Bracknell,England,TRUE
2018-06-02,Panjab,Western Armenia,0,1,CONIFA World Football Cup,Slough,England,TRUE
2018-06-03,Albania,Ukraine,1,4,Friendly,Évian-les-Bains,France,TRUE
2018-06-03,Saudi Arabia,Peru,0,3,Friendly,St. Gallen,Switzerland,TRUE
2018-06-03,Spain,Switzerland,1,1,Friendly,Vila-real,Spain,FALSE
2018-06-03,Croatia,Brazil,0,2,Friendly,Liverpool,England,TRUE
2018-06-03,Costa Rica,Northern Ireland,3,0,Friendly,San José,Costa Rica,FALSE
2018-06-03,Barbados,Belize,0,0,Friendly,Bridgetown,Barbados,FALSE
2018-06-03,Andorra,Cape Verde,0,0,Friendly,Almada,Portugal,TRUE
2018-06-03,South Africa,Madagascar,0,0,COSAFA Cup,Polokwane,South Africa,FALSE
2018-06-03,Zimbabwe,Botswana,1,1,COSAFA Cup,Polokwane,South Africa,TRUE
2018-06-03,Tamil Eelam,Cascadia,0,6,CONIFA World Football Cup,Haringey,England,TRUE
2018-06-03,Barawa,Ellan Vannin,2,0,CONIFA World Football Cup,Rotherhithe,England,FALSE
2018-06-03,Abkhazia,Northern Cyprus,2,2,CONIFA World Football Cup,Enfield,England,TRUE
2018-06-03,Kárpátalja,Tibet,5,1,CONIFA World Football Cup,Bracknell,England,TRUE
2018-06-03,Padania,Székely Land,3,1,CONIFA World Football Cup,Bedfont,England,TRUE
2018-06-03,Tuvalu,Matabeleland,1,3,CONIFA World Football Cup,Haringey,England,TRUE
2018-06-03,Panjab,United Koreans in Japan,1,1,CONIFA World Football Cup,Slough,England,TRUE
2018-06-03,Western Armenia,Kabylia,4,0,CONIFA World Football Cup,Enfield,England,TRUE
2018-06-04,Italy,Netherlands,1,1,Friendly,Turin,Italy,FALSE
2018-06-04,Serbia,Chile,0,1,Friendly,Graz,Austria,TRUE
2018-06-04,Slovakia,Morocco,1,2,Friendly,Geneva,Switzerland,TRUE
2018-06-04,Armenia,Moldova,0,0,Friendly,Kematen,Austria,TRUE
2018-06-04,India,Kenya,3,0,Intercontinental Cup,Mumbai,India,FALSE
2018-06-05,Russia,Turkey,1,1,Friendly,Moscow,Russia,FALSE
2018-06-05,Romania,Finland,2,0,Friendly,Ploiești,Romania,FALSE
2018-06-05,Luxembourg,Georgia,1,0,Friendly,Luxembourg,Luxembourg,FALSE
2018-06-05,Kazakhstan,Azerbaijan,3,0,Friendly,Astana,Kazakhstan,FALSE
2018-06-05,Martinique,French Guiana,3,0,Friendly,Fort-de-France,Martinique,FALSE
2018-06-05,Lithuania,Latvia,1,1,Friendly,Vilnius,Lithuania,FALSE
2018-06-05,Chinese Taipei,New Zealand,0,1,Intercontinental Cup,Mumbai,India,TRUE
2018-06-05,South Africa,Namibia,4,1,COSAFA Cup,Polokwane,South Africa,FALSE
2018-06-05,Eswatini,Botswana,0,2,COSAFA Cup,Polokwane,South Africa,TRUE
2018-06-05,Matabeleland,Kabylia,0,0,CONIFA World Football Cup,Enfield,England,TRUE
2018-06-05,Abkhazia,Tamil Eelam,6,0,CONIFA World Football Cup,Aveley,England,TRUE
2018-06-05,United Koreans in Japan,Tuvalu,5,0,CONIFA World Football Cup,Bracknell,England,TRUE
2018-06-05,Barawa,Northern Cyprus,0,8,CONIFA World Football Cup,Sutton,England,FALSE
2018-06-05,Padania,Panjab,2,0,CONIFA World Football Cup,Bracknell,England,TRUE
2018-06-05,Kárpátalja,Cascadia,3,1,CONIFA World Football Cup,Sutton,England,TRUE
2018-06-05,Western Armenia,Székely Land,0,4,CONIFA World Football Cup,Bromley,England,TRUE
2018-06-06,Norway,Panama,1,0,Friendly,Oslo,Norway,FALSE
2018-06-06,Czech Republic,Nigeria,1,0,Friendly,Schwechat,Austria,TRUE
2018-06-06,Belgium,Egypt,3,0,Friendly,Brussels,Belgium,FALSE
2018-06-06,Belarus,Hungary,1,1,Friendly,Brest,Belarus,FALSE
2018-06-06,Zambia,Madagascar,1,0,COSAFA Cup,Polokwane,South Africa,TRUE
2018-06-06,Lesotho,Zimbabwe,0,0,COSAFA Cup,Polokwane,South Africa,TRUE
2018-06-07,England,Costa Rica,2,0,Friendly,Leeds,England,FALSE
2018-06-07,Uruguay,Uzbekistan,3,0,Friendly,Montevideo,Uruguay,FALSE
2018-06-07,Portugal,Algeria,3,0,Friendly,Lisbon,Portugal,FALSE
2018-06-07,South Korea,Bolivia,0,0,Friendly,Innsbruck,Austria,TRUE
2018-06-07,Iceland,Ghana,2,2,Friendly,Reykjavík,Iceland,FALSE
2018-06-07,Guadeloupe,French Guiana,0,2,Friendly,Fort-de-France,Martinique,TRUE
2018-06-07,India,New Zealand,1,2,Intercontinental Cup,Mumbai,India,FALSE
2018-06-07,Tamil Eelam,Tuvalu,4,3,CONIFA World Football Cup,Sutton,England,TRUE
2018-06-07,Tibet,Kabylia,1,8,CONIFA World Football Cup,Enfield,England,TRUE
2018-06-07,Abkhazia,United Koreans in Japan,2,0,CONIFA World Football Cup,Bromley,England,TRUE
2018-06-07,Barawa,Panjab,0,5,CONIFA World Football Cup,Sutton,England,FALSE
2018-06-07,Cascadia,Western Armenia,4,0,CONIFA World Football Cup,Bromley,England,TRUE
2018-06-07,Northern Cyprus,Padania,3,2,CONIFA World Football Cup,Carshalton,England,TRUE
2018-06-07,Kárpátalja,Székely Land,4,2,CONIFA World Football Cup,Carshalton,England,TRUE
2018-06-08,Germany,Saudi Arabia,2,1,Friendly,Leverkusen,Germany,FALSE
2018-06-08,Croatia,Senegal,2,1,Friendly,Osijek,Croatia,FALSE
2018-06-08,Switzerland,Japan,2,0,Friendly,Lugano,Switzerland,FALSE
2018-06-08,Lithuania,Iran,0,1,Friendly,Moscow,Russia,TRUE
2018-06-08,Poland,Chile,2,2,Friendly,Poznań,Poland,FALSE
2018-06-08,Chinese Taipei,Kenya,0,4,Intercontinental Cup,Mumbai,India,TRUE
2018-06-09,Serbia,Bolivia,5,1,Friendly,Graz,Austria,TRUE
2018-06-09,Denmark,Mexico,2,0,Friendly,Brøndby,Denmark,FALSE
2018-06-09,Sweden,Peru,0,0,Friendly,Gothenburg,Sweden,FALSE
2018-06-09,Hungary,Australia,1,2,Friendly,Budapest,Hungary,FALSE
2018-06-09,Estonia,Morocco,1,3,Friendly,Tallinn,Estonia,FALSE
2018-06-09,Latvia,Azerbaijan,1,3,Friendly,Riga,Latvia,FALSE
2018-06-09,Finland,Belarus,2,0,Friendly,Tampere,Finland,FALSE
2018-06-09,Tunisia,Spain,0,1,Friendly,Krasnodar,Russia,TRUE
2018-06-09,France,United States,1,1,Friendly,Lyon,France,FALSE
2018-06-09,Matabeleland,Tamil Eelam,1,0,CONIFA World Football Cup,Aveley,England,TRUE
2018-06-09,Tibet,United Koreans in Japan,1,1,CONIFA World Football Cup,Rotherhithe,England,TRUE
2018-06-09,Kabylia,Abkhazia,0,2,CONIFA World Football Cup,Aveley,England,TRUE
2018-06-09,Barawa,Western Armenia,0,7,CONIFA World Football Cup,Haringey,England,FALSE
2018-06-09,Panjab,Cascadia,3,3,CONIFA World Football Cup,Rotherhithe,England,TRUE
2018-06-09,Padania,Székely Land,0,0,CONIFA World Football Cup,Enfield,England,TRUE
2018-06-09,Northern Cyprus,Kárpátalja,0,0,CONIFA World Football Cup,Enfield,England,TRUE
2018-06-10,Austria,Brazil,0,3,Friendly,Vienna,Austria,FALSE
2018-06-10,India,Kenya,2,0,Intercontinental Cup,Mumbai,India,FALSE
2018-06-11,South Korea,Senegal,0,2,Friendly,Grödig,Austria,TRUE
2018-06-11,Belgium,Costa Rica,4,1,Friendly,Brussels,Belgium,FALSE
2018-06-12,Japan,Paraguay,4,2,Friendly,Innsbruck,Austria,TRUE
2018-06-12,Poland,Lithuania,4,0,Friendly,Warsaw,Poland,FALSE
2018-06-14,Russia,Saudi Arabia,5,0,FIFA World Cup,Moscow,Russia,FALSE
2018-06-15,Egypt,Uruguay,0,1,FIFA World Cup,Ekaterinburg,Russia,TRUE
2018-06-15,Morocco,Iran,0,1,FIFA World Cup,St. Petersburg,Russia,TRUE
2018-06-15,Portugal,Spain,3,3,FIFA World Cup,Sochi,Russia,TRUE
2018-06-16,France,Australia,2,1,FIFA World Cup,Kazan,Russia,TRUE
2018-06-16,Argentina,Iceland,1,1,FIFA World Cup,Moscow,Russia,TRUE
2018-06-16,Peru,Denmark,0,1,FIFA World Cup,Saransk,Russia,TRUE
2018-06-16,Croatia,Nigeria,2,0,FIFA World Cup,Kaliningrad,Russia,TRUE
2018-06-17,Costa Rica,Serbia,0,1,FIFA World Cup,Samara,Russia,TRUE
2018-06-17,Germany,Mexico,0,1,FIFA World Cup,Moscow,Russia,TRUE
2018-06-17,Brazil,Switzerland,1,1,FIFA World Cup,Rostov-on-Don,Russia,TRUE
2018-06-18,Sweden,South Korea,1,0,FIFA World Cup,Nizhny Novgorod,Russia,TRUE
2018-06-18,Belgium,Panama,3,0,FIFA World Cup,Sochi,Russia,TRUE
2018-06-18,Tunisia,England,1,2,FIFA World Cup,Volgograd,Russia,TRUE
2018-06-19,Colombia,Japan,1,2,FIFA World Cup,Saransk,Russia,TRUE
2018-06-19,Poland,Senegal,1,2,FIFA World Cup,Moscow,Russia,TRUE
2018-06-19,Russia,Egypt,3,1,FIFA World Cup,St. Petersburg,Russia,FALSE
2018-06-20,Portugal,Morocco,1,0,FIFA World Cup,Moscow,Russia,TRUE
2018-06-20,Uruguay,Saudi Arabia,1,0,FIFA World Cup,Rostov-on-Don,Russia,TRUE
2018-06-20,Iran,Spain,0,1,FIFA World Cup,Kazan,Russia,TRUE
2018-06-21,Denmark,Australia,1,1,FIFA World Cup,Samara,Russia,TRUE
2018-06-21,France,Peru,1,0,FIFA World Cup,Ekaterinburg,Russia,TRUE
2018-06-21,Argentina,Croatia,0,3,FIFA World Cup,Nizhny Novgorod,Russia,TRUE
2018-06-22,Brazil,Costa Rica,2,0,FIFA World Cup,St. Petersburg,Russia,TRUE
2018-06-22,Nigeria,Iceland,2,0,FIFA World Cup,Volgograd,Russia,TRUE
2018-06-22,Serbia,Switzerland,1,2,FIFA World Cup,Kaliningrad,Russia,TRUE
2018-06-23,Belgium,Tunisia,5,2,FIFA World Cup,Moscow,Russia,TRUE
2018-06-23,South Korea,Mexico,1,2,FIFA World Cup,Rostov-on-Don,Russia,TRUE
2018-06-23,Germany,Sweden,2,1,FIFA World Cup,Sochi,Russia,TRUE
2018-06-24,England,Panama,6,1,FIFA World Cup,Nizhny Novgorod,Russia,TRUE
2018-06-24,Japan,Senegal,2,2,FIFA World Cup,Ekaterinburg,Russia,TRUE
2018-06-24,Poland,Colombia,0,3,FIFA World Cup,Kazan,Russia,TRUE
2018-06-25,Russia,Uruguay,0,3,FIFA World Cup,Samara,Russia,FALSE
2018-06-25,Saudi Arabia,Egypt,2,1,FIFA World Cup,Volgograd,Russia,TRUE
2018-06-25,Spain,Morocco,2,2,FIFA World Cup,Kaliningrad,Russia,TRUE
2018-06-25,Iran,Portugal,1,1,FIFA World Cup,Saransk,Russia,TRUE
2018-06-26,Australia,Peru,0,2,FIFA World Cup,Sochi,Russia,TRUE
2018-06-26,Denmark,France,0,0,FIFA World Cup,Moscow,Russia,TRUE
2018-06-26,Nigeria,Argentina,1,2,FIFA World Cup,St. Petersburg,Russia,TRUE
2018-06-26,Iceland,Croatia,1,2,FIFA World Cup,Rostov-on-Don,Russia,TRUE
2018-06-27,South Korea,Germany,2,0,FIFA World Cup,Kazan,Russia,TRUE
2018-06-27,Mexico,Sweden,0,3,FIFA World Cup,Ekaterinburg,Russia,TRUE
2018-06-27,Serbia,Brazil,0,2,FIFA World Cup,Moscow,Russia,TRUE
2018-06-27,Switzerland,Costa Rica,2,2,FIFA World Cup,Nizhny Novgorod,Russia,TRUE
2018-06-28,Japan,Poland,0,1,FIFA World Cup,Volgograd,Russia,TRUE
2018-06-28,Senegal,Colombia,0,1,FIFA World Cup,Samara,Russia,TRUE
2018-06-28,Panama,Tunisia,1,2,FIFA World Cup,Saransk,Russia,TRUE
2018-06-28,England,Belgium,0,1,FIFA World Cup,Kaliningrad,Russia,TRUE
2018-06-30,France,Argentina,4,3,FIFA World Cup,Kazan,Russia,TRUE
2018-06-30,Uruguay,Portugal,2,1,FIFA World Cup,Sochi,Russia,TRUE
2018-07-01,Russia,Spain,1,1,FIFA World Cup,Moscow,Russia,FALSE
2018-07-01,Croatia,Denmark,1,1,FIFA World Cup,Nizhny Novgorod,Russia,TRUE
2018-07-02,Brazil,Mexico,2,0,FIFA World Cup,Samara,Russia,TRUE
2018-07-02,Belgium,Japan,3,2,FIFA World Cup,Rostov-on-Don,Russia,TRUE
2018-07-03,Sweden,Switzerland,1,0,FIFA World Cup,St. Petersburg,Russia,TRUE
2018-07-03,Colombia,England,1,1,FIFA World Cup,Moscow,Russia,TRUE
2018-07-05,Malaysia,Fiji,1,0,Friendly,Kuala Lumpur,Malaysia,FALSE
2018-07-06,Uruguay,France,0,2,FIFA World Cup,Nizhny Novgorod,Russia,TRUE
2018-07-06,Brazil,Belgium,1,2,FIFA World Cup,Kazan,Russia,TRUE
2018-07-07,Sweden,England,0,2,FIFA World Cup,Samara,Russia,TRUE
2018-07-07,Russia,Croatia,2,2,FIFA World Cup,Sochi,Russia,FALSE
2018-07-10,France,Belgium,1,0,FIFA World Cup,St. Petersburg,Russia,TRUE
2018-07-11,Croatia,England,2,1,FIFA World Cup,Moscow,Russia,TRUE
2018-07-14,Belgium,England,2,0,FIFA World Cup,St. Petersburg,Russia,TRUE
2018-07-15,France,Croatia,4,2,FIFA World Cup,Moscow,Russia,TRUE
2018-07-22,Liberia,Sierra Leone,0,0,Friendly,Monrovia,Liberia,FALSE
2018-08-04,Belize,Barbados,1,0,Friendly,San Pedro,Belize,FALSE
2018-08-04,Palestine,Iraq,0,3,Friendly,Al Ram,Palestine,FALSE
2018-08-15,Guatemala,Cuba,3,0,Friendly,Guatemala City,Guatemala,FALSE
2018-08-18,Andorra,United Arab Emirates,0,0,Friendly,Grödig,Austria,TRUE
2018-08-18,Grenada,Jamaica,1,5,Friendly,St. George's,Grenada,FALSE
2018-08-18,Guatemala,Cuba,1,0,Friendly,Quetzaltenango,Guatemala,FALSE
2018-08-20,Barbados,Jamaica,2,2,Friendly,Bridgetown,Barbados,FALSE
2018-08-22,Sint Maarten,Anguilla,1,1,Friendly,Philipsburg,Sint Maarten,FALSE
2018-08-25,Anguilla,Saint Martin,1,2,Friendly,The Valley,Anguilla,FALSE
2018-08-26,Barbados,Cuba,0,0,Friendly,Bridgetown,Barbados,FALSE
2018-08-29,Bangladesh,Sri Lanka,0,1,Friendly,Nilphamari Sadar,Bangladesh,FALSE
2018-08-29,Barbados,Cuba,0,2,Friendly,Bridgetown,Barbados,FALSE
2018-08-29,Macau,Solomon Islands,1,4,Friendly,Taipa,Macau,FALSE
2018-09-01,Timor-Leste,Brunei,3,1,AFF Championship qualification,Kuala Lumpur,Malaysia,TRUE
2018-09-02,Ethiopia,Burundi,1,1,Friendly,Awassa,Ethiopia,FALSE
2018-09-02,Guam,Northern Mariana Islands,4,0,EAFF Championship,Ulaanbaatar,Mongolia,TRUE
2018-09-02,Mongolia,Macau,4,1,EAFF Championship,Ulaanbaatar,Mongolia,FALSE
2018-09-04,Macau,Guam,2,0,EAFF Championship,Ulaanbaatar,Mongolia,TRUE
2018-09-04,Mongolia,Northern Mariana Islands,9,0,EAFF Championship,Ulaanbaatar,Mongolia,FALSE
2018-09-04,Nepal,Pakistan,1,2,SAFF Cup,Dhaka,Bangladesh,TRUE
2018-09-04,Bangladesh,Bhutan,2,0,SAFF Cup,Dhaka,Bangladesh,FALSE
2018-09-05,Fiji,Solomon Islands,1,1,Friendly,Suva,Fiji,FALSE
2018-09-05,Slovakia,Denmark,3,0,Friendly,Trnava,Slovakia,FALSE
2018-09-05,India,Sri Lanka,2,0,SAFF Cup,Dhaka,Bangladesh,TRUE
2018-09-06,Germany,France,0,0,UEFA Nations League,Munich,Germany,FALSE
2018-09-06,Czech Republic,Ukraine,1,2,UEFA Nations League,Uherské Hradiště,Czech Republic,FALSE
2018-09-06,Wales,Republic of Ireland,4,1,UEFA Nations League,Cardiff,Wales,FALSE
2018-09-06,Norway,Cyprus,2,0,UEFA Nations League,Oslo,Norway,FALSE
2018-09-06,Slovenia,Bulgaria,1,2,UEFA Nations League,Ljubljana,Slovenia,FALSE
2018-09-06,Kazakhstan,Georgia,0,2,UEFA Nations League,Astana,Kazakhstan,FALSE
2018-09-06,Latvia,Andorra,0,0,UEFA Nations League,Riga,Latvia,FALSE
2018-09-06,Armenia,Liechtenstein,2,1,UEFA Nations League,Yerevan,Armenia,FALSE
2018-09-06,Gibraltar,North Macedonia,0,2,UEFA Nations League,Gibraltar,Gibraltar,FALSE
2018-09-06,Austria,Sweden,2,0,Friendly,Vienna,Austria,FALSE
2018-09-06,Bahrain,Philippines,1,1,Friendly,East Riffa,Bahrain,FALSE
2018-09-06,Jordan,Lebanon,0,1,Friendly,Amman,Jordan,FALSE
2018-09-06,Kyrgyzstan,Palestine,1,1,Friendly,Bishkek,Kyrgyzstan,FALSE
2018-09-06,Netherlands,Peru,2,1,Friendly,Amsterdam,Netherlands,FALSE
2018-09-06,Portugal,Croatia,1,1,Friendly,Faro-Loulé,Portugal,FALSE
2018-09-06,Trinidad and Tobago,United Arab Emirates,2,0,Friendly,Llagostera,Trinidad and Tobago,FALSE
2018-09-06,Uzbekistan,Syria,1,1,Friendly,Tashkent,Uzbekistan,FALSE
2018-09-06,Northern Mariana Islands,Macau,1,1,EAFF Championship,Ulaanbaatar,Mongolia,TRUE
2018-09-06,Mongolia,Guam,1,1,EAFF Championship,Ulaanbaatar,Mongolia,FALSE
2018-09-06,Nepal,Bhutan,4,0,SAFF Cup,Dhaka,Bangladesh,TRUE
2018-09-06,Bangladesh,Pakistan,1,0,SAFF Cup,Dhaka,Bangladesh,FALSE
2018-09-07,Italy,Poland,1,1,UEFA Nations League,Bologna,Italy,FALSE
2018-09-07,Turkey,Russia,1,2,UEFA Nations League,Trabzon,Turkey,FALSE
2018-09-07,Albania,Israel,1,0,UEFA Nations League,Elbasan,Albania,FALSE
2018-09-07,Lithuania,Serbia,0,1,UEFA Nations League,Vilnius,Lithuania,FALSE
2018-09-07,Romania,Montenegro,0,0,UEFA Nations League,Ploiești,Romania,FALSE
2018-09-07,Faroe Islands,Malta,3,1,UEFA Nations League,Tórshavn,Faroe Islands,FALSE
2018-09-07,Azerbaijan,Kosovo,0,0,UEFA Nations League,Baku,Azerbaijan,FALSE
2018-09-07,Argentina,Guatemala,3,0,Friendly,Los Angeles,United States,TRUE
2018-09-07,Chinese Taipei,Malaysia,2,0,Friendly,Taipei,Chinese Taipei,FALSE
2018-09-07,Ecuador,Jamaica,2,0,Friendly,Harrison,United States,TRUE
2018-09-07,South Korea,Costa Rica,2,0,Friendly,Goyang,South Korea,FALSE
2018-09-07,Mexico,Uruguay,1,4,Friendly,Houston,United States,TRUE
2018-09-07,Qatar,China PR,1,0,Friendly,Doha,Qatar,FALSE
2018-09-07,Scotland,Belgium,0,4,Friendly,Glasgow,Scotland,FALSE
2018-09-07,Singapore,Mauritius,1,1,Friendly,Bishan,Singapore,FALSE
2018-09-07,United States,Brazil,0,2,Friendly,East Rutherford,United States,FALSE
2018-09-07,Venezuela,Colombia,1,2,Friendly,Miami Gardens,United States,TRUE
2018-09-07,Maldives,Sri Lanka,0,0,SAFF Cup,Dhaka,Bangladesh,TRUE
2018-09-08,Switzerland,Iceland,6,0,UEFA Nations League,St. Gallen,Switzerland,FALSE
2018-09-08,England,Spain,1,2,UEFA Nations League,London,England,FALSE
2018-09-08,Northern Ireland,Bosnia and Herzegovina,1,2,UEFA Nations League,Belfast,Northern Ireland,FALSE
2018-09-08,Finland,Hungary,1,0,UEFA Nations League,Tampere,Finland,FALSE
2018-09-08,Estonia,Greece,0,1,UEFA Nations League,Tallinn,Estonia,FALSE
2018-09-08,Belarus,San Marino,5,0,UEFA Nations League,Minsk,Belarus,FALSE
2018-09-08,Luxembourg,Moldova,4,0,UEFA Nations League,Luxembourg City,Luxembourg,FALSE
2018-09-08,Brunei,Timor-Leste,1,0,AFF Championship qualification,Bandar Seri Begawan,Brunei,FALSE
2018-09-08,Equatorial Guinea,Sudan,1,0,African Cup of Nations qualification,Bata,Equatorial Guinea,FALSE
2018-09-08,Comoros,Cameroon,1,1,African Cup of Nations qualification,Mitsamiouli,Comoros,FALSE
2018-09-08,Gabon,Burundi,1,1,African Cup of Nations qualification,Libreville,Gabon,FALSE
2018-09-08,Gambia,Algeria,1,1,African Cup of Nations qualification,Bakau,Gambia,FALSE
2018-09-08,South Africa,Libya,0,0,African Cup of Nations qualification,Durban,South Africa,FALSE
2018-09-08,Mauritania,Burkina Faso,2,0,African Cup of Nations qualification,Nouakchott,Mauritania,FALSE
2018-09-08,Egypt,Niger,6,0,African Cup of Nations qualification,Alexandria,Egypt,FALSE
2018-09-08,Namibia,Zambia,1,1,African Cup of Nations qualification,Windhoek,Namibia,FALSE
2018-09-08,Uganda,Tanzania,0,0,African Cup of Nations qualification,Kira,Uganda,FALSE
2018-09-08,Pakistan,Bhutan,3,0,SAFF Cup,Dhaka,Bangladesh,TRUE
2018-09-08,Bangladesh,Nepal,0,2,SAFF Cup,Dhaka,Bangladesh,FALSE
2018-09-09,France,Netherlands,2,1,UEFA Nations League,Paris,France,FALSE
2018-09-09,Ukraine,Slovakia,1,0,UEFA Nations League,Lviv,Ukraine,FALSE
2018-09-09,Denmark,Wales,2,0,UEFA Nations League,Aarhus,Denmark,FALSE
2018-09-09,Bulgaria,Norway,1,0,UEFA Nations League,Sofia,Bulgaria,FALSE
2018-09-09,Cyprus,Slovenia,2,1,UEFA Nations League,Nicosia,Cyprus,FALSE
2018-09-09,Georgia,Latvia,1,0,UEFA Nations League,Tbilisi,Georgia,FALSE
2018-09-09,North Macedonia,Armenia,2,0,UEFA Nations League,Skopje,North Macedonia,FALSE
2018-09-09,Liechtenstein,Gibraltar,2,0,UEFA Nations League,Vaduz,Liechtenstein,FALSE
2018-09-09,Germany,Peru,2,1,Friendly,Sinsheim,Germany,FALSE
2018-09-09,Lebanon,Oman,0,0,Friendly,Amman,Jordan,TRUE
2018-09-09,Congo,Zimbabwe,1,1,African Cup of Nations qualification,Brazzaville,Congo,FALSE
2018-09-09,Rwanda,Ivory Coast,1,2,African Cup of Nations qualification,Kigali,Rwanda,FALSE
2018-09-09,India,Maldives,2,0,SAFF Cup,Dhaka,Bangladesh,TRUE
2018-09-10,Portugal,Italy,1,0,UEFA Nations League,Lisbon,Portugal,FALSE
2018-09-10,Sweden,Turkey,2,3,UEFA Nations League,Stockholm,Sweden,FALSE
2018-09-10,Scotland,Albania,2,0,UEFA Nations League,Glasgow,Scotland,FALSE
2018-09-10,Montenegro,Lithuania,2,0,UEFA Nations League,Podgorica,Montenegro,FALSE
2018-09-10,Serbia,Romania,2,2,UEFA Nations League,Belgrade,Serbia,FALSE
2018-09-10,Andorra,Kazakhstan,1,1,UEFA Nations League,Andorra la Vella,Andorra,FALSE
2018-09-10,Kosovo,Faroe Islands,2,0,UEFA Nations League,Pristina,Kosovo,FALSE
2018-09-10,Malta,Azerbaijan,1,1,UEFA Nations League,Attard,Malta,FALSE
2018-09-10,Bahrain,China PR,0,0,Friendly,East Riffa,Bahrain,FALSE
2018-09-10,Cambodia,Malaysia,1,3,Friendly,Phnom Penh,Cambodia,FALSE
2018-09-10,Kuwait,Iraq,2,2,Friendly,Al Farwaniyah,Kuwait,FALSE
2018-09-10,Kyrgyzstan,Syria,2,1,Friendly,Bishkek,Kyrgyzstan,FALSE
2018-09-10,Russia,Czech Republic,5,1,Friendly,Rostov-on-Don,Russia,FALSE
2018-09-10,Saudi Arabia,Bolivia,2,2,Friendly,Riyadh,Saudi Arabia,FALSE
2018-09-11,Iceland,Belgium,0,3,UEFA Nations League,Reykjavík,Iceland,FALSE
2018-09-11,Spain,Croatia,6,0,UEFA Nations League,Elche,Spain,FALSE
2018-09-11,Bosnia and Herzegovina,Austria,1,0,UEFA Nations League,Zenica,Bosnia and Herzegovina,FALSE
2018-09-11,Hungary,Greece,2,1,UEFA Nations League,Budapest,Hungary,FALSE
2018-09-11,Finland,Estonia,1,0,UEFA Nations League,Turku,Finland,FALSE
2018-09-11,San Marino,Luxembourg,0,3,UEFA Nations League,Serravalle,San Marino,FALSE
2018-09-11,Moldova,Belarus,0,0,UEFA Nations League,Chișinău,Moldova,FALSE
2018-09-11,Colombia,Argentina,0,0,Friendly,East Rutherford,United States,TRUE
2018-09-11,Ecuador,Guatemala,2,0,Friendly,Bridgeview,United States,TRUE
2018-09-11,England,Switzerland,1,0,Friendly,London,England,FALSE
2018-09-11,Gabon,Zambia,0,1,Friendly,Libreville,Gabon,FALSE
2018-09-11,Indonesia,Mauritius,1,0,Friendly,Cikarang,Indonesia,FALSE
2018-09-11,Japan,Costa Rica,3,0,Friendly,Suita,Japan,FALSE
2018-09-11,Jordan,Oman,0,0,Friendly,Amman,Jordan,FALSE
2018-09-11,Kenya,Malawi,1,0,Friendly,Nairobi,Kenya,FALSE
2018-09-11,South Korea,Chile,0,0,Friendly,Suwon,South Korea,FALSE
2018-09-11,Laos,United Arab Emirates,0,3,Friendly,Llagostera,Laos,FALSE
2018-09-11,Liberia,Nigeria,1,2,Friendly,Monrovia,Liberia,FALSE
2018-09-11,Northern Ireland,Israel,3,0,Friendly,Belfast,Northern Ireland,FALSE
2018-09-11,Panama,Venezuela,0,2,Friendly,Panama City,Panama,FALSE
2018-09-11,Poland,Republic of Ireland,1,1,Friendly,Wroclaw,Poland,FALSE
2018-09-11,Qatar,Palestine,3,0,Friendly,Doha,Qatar,FALSE
2018-09-11,Singapore,Fiji,2,0,Friendly,Bishan,Singapore,FALSE
2018-09-11,United States,Mexico,1,0,Friendly,Nashville,United States,FALSE
2018-09-11,Uzbekistan,Iran,0,1,Friendly,Tashkent,Uzbekistan,FALSE
2018-09-12,Brazil,El Salvador,5,0,Friendly,Landover,United States,TRUE
2018-09-12,India,Pakistan,3,1,SAFF Cup,Dhaka,Bangladesh,TRUE
2018-09-12,Nepal,Maldives,0,3,SAFF Cup,Dhaka,Bangladesh,TRUE
2018-09-15,Maldives,India,2,1,SAFF Cup,Dhaka,Bangladesh,TRUE
2018-09-30,Botswana,Namibia,1,0,Friendly,Gaborone,Botswana,FALSE
2018-09-30,Saint Vincent and the Grenadines,Barbados,1,1,Friendly,Georgetown,Saint Vincent and the Grenadines,FALSE
2018-10-10,Albania,Jordan,0,0,Friendly,Elbasan,Albania,FALSE
2018-10-10,Indonesia,Myanmar,3,0,Friendly,Cikarang,Indonesia,FALSE
2018-10-10,Italy,Ukraine,1,1,Friendly,Genoa,Italy,FALSE
2018-10-10,Ethiopia,Kenya,0,0,African Cup of Nations qualification,Bahir Dar,Ethiopia,FALSE
2018-10-10,Zambia,Guinea-Bissau,2,1,African Cup of Nations qualification,Lusaka,Zambia,FALSE
2018-10-11,Poland,Portugal,2,3,UEFA Nations League,Chorzow,Poland,FALSE
2018-10-11,Russia,Sweden,0,0,UEFA Nations League,Kaliningrad,Russia,FALSE
2018-10-11,Israel,Scotland,2,1,UEFA Nations League,Haifa,Israel,FALSE
2018-10-11,Montenegro,Serbia,0,2,UEFA Nations League,Podgorica,Montenegro,FALSE
2018-10-11,Lithuania,Romania,1,2,UEFA Nations League,Vilnius,Lithuania,FALSE
2018-10-11,Faroe Islands,Azerbaijan,0,3,UEFA Nations League,Tórshavn,Faroe Islands,FALSE
2018-10-11,Kosovo,Malta,3,1,UEFA Nations League,Pristina,Kosovo,FALSE
2018-10-11,Argentina,Iraq,4,0,Friendly,Riyadh,Saudi Arabia,TRUE
2018-10-11,Bahrain,Syria,0,1,Friendly,East Riffa,Bahrain,FALSE
2018-10-11,France,Iceland,2,2,Friendly,Guingamp,France,FALSE
2018-10-11,Honduras,United Arab Emirates,1,1,Friendly,Barcelona,Spain,TRUE
2018-10-11,Hong Kong,Thailand,0,1,Friendly,Hong Kong,Hong Kong,FALSE
2018-10-11,Kuwait,Lebanon,1,0,Friendly,Kuwait City,Kuwait,FALSE
2018-10-11,Mexico,Costa Rica,3,2,Friendly,San Nicolás de los Garza,Mexico,FALSE
2018-10-11,Turkey,Bosnia and Herzegovina,0,0,Friendly,Rize,Turkey,FALSE
2018-10-11,United States,Colombia,2,4,Friendly,Tampa,United States,FALSE
2018-10-11,Wales,Spain,1,4,Friendly,Cardiff,Wales,FALSE
2018-10-11,Congo,Liberia,3,1,African Cup of Nations qualification,Brazzaville,Congo,FALSE
2018-10-12,Belgium,Switzerland,2,1,UEFA Nations League,Brussels,Belgium,FALSE
2018-10-12,Croatia,England,0,0,UEFA Nations League,Rijeka,Croatia,FALSE
2018-10-12,Austria,Northern Ireland,1,0,UEFA Nations League,Vienna,Austria,FALSE
2018-10-12,Estonia,Finland,0,1,UEFA Nations League,Tallinn,Estonia,FALSE
2018-10-12,Greece,Hungary,1,0,UEFA Nations League,Athens,Greece,FALSE
2018-10-12,Belarus,Luxembourg,1,0,UEFA Nations League,Minsk,Belarus,FALSE
2018-10-12,Moldova,San Marino,2,0,UEFA Nations League,Chișinău,Moldova,FALSE
2018-10-12,Cambodia,Timor-Leste,2,2,Friendly,Phnom Penh,Cambodia,FALSE
2018-10-12,Japan,Panama,3,0,Friendly,Niigata,Japan,FALSE
2018-10-12,South Korea,Uruguay,2,1,Friendly,Seoul,South Korea,FALSE
2018-10-12,Peru,Chile,3,0,Friendly,Miami Gardens,United States,TRUE
2018-10-12,Qatar,Ecuador,4,3,Friendly,Doha,Qatar,FALSE
2018-10-12,Saudi Arabia,Brazil,0,2,Friendly,Riyadh,Saudi Arabia,FALSE
2018-10-12,Singapore,Mongolia,2,0,Friendly,Bishan,Singapore,FALSE
2018-10-12,Sri Lanka,Malaysia,1,4,Friendly,Colombo,Sri Lanka,FALSE
2018-10-12,Cameroon,Malawi,1,0,African Cup of Nations qualification,Yaoundé,Cameroon,FALSE
2018-10-12,Gabon,South Sudan,3,0,African Cup of Nations qualification,Libreville,Gabon,FALSE
2018-10-12,Togo,Gambia,1,1,African Cup of Nations qualification,Lomé,Togo,FALSE
2018-10-12,Ivory Coast,Central African Republic,4,0,African Cup of Nations qualification,Bouaké,Ivory Coast,FALSE
2018-10-12,Angola,Mauritania,4,1,African Cup of Nations qualification,Luanda,Angola,FALSE
2018-10-12,Egypt,Eswatini,4,1,African Cup of Nations qualification,Cairo,Egypt,FALSE
2018-10-12,Cape Verde,Tanzania,3,0,African Cup of Nations qualification,Praia,Cape Verde,FALSE
2018-10-12,Basque Country,Venezuela,4,2,Friendly,Vitoria-Gasteiz,Spain,FALSE
2018-10-13,Netherlands,Germany,3,0,UEFA Nations League,Amsterdam,Netherlands,FALSE
2018-10-13,Slovakia,Czech Republic,1,2,UEFA Nations League,Trnava,Slovakia,FALSE
2018-10-13,Republic of Ireland,Denmark,0,0,UEFA Nations League,Dublin,Republic of Ireland,FALSE
2018-10-13,Norway,Slovenia,1,0,UEFA Nations League,Oslo,Norway,FALSE
2018-10-13,Bulgaria,Cyprus,2,1,UEFA Nations League,Sofia,Bulgaria,FALSE
2018-10-13,Latvia,Kazakhstan,1,1,UEFA Nations League,Riga,Latvia,FALSE
2018-10-13,Georgia,Andorra,3,0,UEFA Nations League,Tbilisi,Georgia,FALSE
2018-10-13,Armenia,Gibraltar,0,1,UEFA Nations League,Yerevan,Armenia,FALSE
2018-10-13,North Macedonia,Liechtenstein,4,1,UEFA Nations League,Skopje,North Macedonia,FALSE
2018-10-13,China PR,India,0,0,Friendly,Suzhou,China PR,FALSE
2018-10-13,Myanmar,Bolivia,0,3,Friendly,Yangon,Myanmar,FALSE
2018-10-13,Oman,Philippines,1,1,Friendly,Al Rayyan,Oman,FALSE
2018-10-13,Uzbekistan,North Korea,2,0,Friendly,Tashkent,Uzbekistan,FALSE
2018-10-13,Equatorial Guinea,Madagascar,0,1,African Cup of Nations qualification,Bata,Equatorial Guinea,FALSE
2018-10-13,Nigeria,Libya,4,0,African Cup of Nations qualification,Uyo,Nigeria,FALSE
2018-10-14,Poland,Italy,0,1,UEFA Nations League,Chorzow,Poland,FALSE
2018-10-14,Russia,Turkey,2,0,UEFA Nations League,Sochi,Russia,FALSE
2018-10-14,Israel,Albania,2,0,UEFA Nations League,Beer Sheva,Israel,FALSE
2018-10-14,Romania,Serbia,0,0,UEFA Nations League,Bucharest,Romania,FALSE
2018-10-14,Lithuania,Montenegro,1,4,UEFA Nations League,Vilnius,Lithuania,FALSE
2018-10-14,Faroe Islands,Kosovo,1,1,UEFA Nations League,Tórshavn,Faroe Islands,FALSE
2018-10-14,Azerbaijan,Malta,1,1,UEFA Nations League,Baku,Azerbaijan,FALSE
2018-10-14,Scotland,Portugal,1,3,Friendly,Glasgow,Scotland,FALSE
2018-10-14,Thailand,Trinidad and Tobago,1,0,Friendly,Suphan Buri,Thailand,FALSE
2018-10-14,Guinea-Bissau,Zambia,2,1,African Cup of Nations qualification,Bissau,Guinea-Bissau,FALSE
2018-10-15,Iceland,Switzerland,1,2,UEFA Nations League,Reykjavík,Iceland,FALSE
2018-10-15,Spain,England,2,3,UEFA Nations League,Sevilla,Spain,FALSE
2018-10-15,Bosnia and Herzegovina,Northern Ireland,2,0,UEFA Nations League,Sarajevo,Bosnia and Herzegovina,FALSE
2018-10-15,Estonia,Hungary,3,3,UEFA Nations League,Tallinn,Estonia,FALSE
2018-10-15,Finland,Greece,2,0,UEFA Nations League,Tampere,Finland,FALSE
2018-10-15,Luxembourg,San Marino,3,0,UEFA Nations League,Luxembourg City,Luxembourg,FALSE
2018-10-15,Belarus,Moldova,0,0,UEFA Nations League,Minsk,Belarus,FALSE
2018-10-15,Croatia,Jordan,2,1,Friendly,Rijeka,Croatia,FALSE
2018-10-15,Kuwait,Australia,0,4,Friendly,Kuwait City,Kuwait,FALSE
2018-10-15,Saudi Arabia,Iraq,1,1,Friendly,Riyadh,Saudi Arabia,FALSE
2018-10-16,France,Germany,2,1,UEFA Nations League,Paris,France,FALSE
2018-10-16,Ukraine,Czech Republic,1,0,UEFA Nations League,Kharkiv,Ukraine,FALSE
2018-10-16,Republic of Ireland,Wales,0,1,UEFA Nations League,Dublin,Republic of Ireland,FALSE
2018-10-16,Norway,Bulgaria,1,0,UEFA Nations League,Oslo,Norway,FALSE
2018-10-16,Slovenia,Cyprus,1,1,UEFA Nations League,Ljubljana,Slovenia,FALSE
2018-10-16,Kazakhstan,Andorra,4,0,UEFA Nations League,Astana,Kazakhstan,FALSE
2018-10-16,Latvia,Georgia,0,3,UEFA Nations League,Riga,Latvia,FALSE
2018-10-16,Armenia,North Macedonia,4,0,UEFA Nations League,Yerevan,Armenia,FALSE
2018-10-16,Gibraltar,Liechtenstein,2,1,UEFA Nations League,Gibraltar,Gibraltar,FALSE
2018-10-16,Bahrain,Myanmar,4,1,Friendly,East Riffa,Bahrain,FALSE
2018-10-16,Belgium,Netherlands,1,1,Friendly,Brussels,Belgium,FALSE
2018-10-16,Cambodia,Singapore,1,2,Friendly,Phnom Penh,Cambodia,FALSE
2018-10-16,China PR,Syria,2,0,Friendly,Nanjing,China PR,FALSE
2018-10-16,Colombia,Costa Rica,3,1,Friendly,Harrison,United States,TRUE
2018-10-16,Denmark,Austria,2,0,Friendly,Herning,Denmark,FALSE
2018-10-16,Indonesia,Hong Kong,1,1,Friendly,Cikarang,Indonesia,FALSE
2018-10-16,Iran,Bolivia,2,1,Friendly,Tehran,Iran,FALSE
2018-10-16,Japan,Uruguay,4,3,Friendly,Saitama,Japan,FALSE
2018-10-16,South Korea,Panama,2,2,Friendly,Cheonan,South Korea,FALSE
2018-10-16,Laos,Mongolia,1,4,Friendly,Vientiane,Laos,FALSE
2018-10-16,Malaysia,Kyrgyzstan,0,1,Friendly,Malacca City,Malaysia,FALSE
2018-10-16,Mexico,Chile,0,1,Friendly,Queretaro,Mexico,FALSE
2018-10-16,Oman,Ecuador,0,0,Friendly,Doha,Qatar,TRUE
2018-10-16,Sweden,Slovakia,1,1,Friendly,Stockholm,Sweden,FALSE
2018-10-16,United Arab Emirates,Venezuela,0,2,Friendly,Barcelona,Spain,TRUE
2018-10-16,United States,Peru,1,1,Friendly,East Hartford,United States,FALSE
2018-10-16,Uzbekistan,Qatar,2,0,Friendly,Tashkent,Uzbekistan,FALSE
2018-10-16,Madagascar,Equatorial Guinea,1,0,African Cup of Nations qualification,Antananarivo,Madagascar,FALSE
2018-10-16,Malawi,Cameroon,0,0,African Cup of Nations qualification,Blantyre,Malawi,FALSE
2018-10-16,Burundi,Mali,1,1,African Cup of Nations qualification,Bujumbura,Burundi,FALSE
2018-10-16,Benin,Algeria,1,0,African Cup of Nations qualification,Cotonou,Benin,FALSE
2018-10-16,Seychelles,South Africa,0,0,African Cup of Nations qualification,Victoria,Seychelles,FALSE
2018-10-16,Liberia,Congo,2,1,African Cup of Nations qualification,Monrovia,Liberia,FALSE
2018-10-16,Central African Republic,Ivory Coast,0,0,African Cup of Nations qualification,Bangui,Central African Republic,FALSE
2018-10-16,Mauritania,Angola,1,0,African Cup of Nations qualification,Nouakchott,Mauritania,FALSE
2018-10-16,Eswatini,Egypt,0,2,African Cup of Nations qualification,Manzini,Eswatini,FALSE
2018-10-16,Tanzania,Cape Verde,2,0,African Cup of Nations qualification,Dar es Salaam,Tanzania,FALSE
2018-10-16,Argentina,Brazil,0,1,Friendly,Jeddah,Saudi Arabia,TRUE
2018-10-21,Parishes of Jersey,Yorkshire,2,1,Friendly,St. Peter,Jersey,FALSE
2018-11-03,Malaysia,Maldives,3,0,Friendly,Kuala Lumpur,Malaysia,FALSE
2018-11-08,Cambodia,Malaysia,0,1,AFF Championship,Phnom Penh,Cambodia,FALSE
2018-11-08,Laos,Vietnam,0,3,AFF Championship,Vientiane,Laos,FALSE
2018-11-09,Timor-Leste,Thailand,0,7,AFF Championship,Bangkok,Thailand,TRUE
2018-11-09,Singapore,Indonesia,1,0,AFF Championship,Kallang,Singapore,FALSE
2018-11-11,North Korea,Mongolia,4,1,EAFF Championship,Taipei,Chinese Taipei,TRUE
2018-11-11,Chinese Taipei,Hong Kong,1,2,EAFF Championship,Taipei,Chinese Taipei,FALSE
2018-11-12,Myanmar,Cambodia,4,1,AFF Championship,Mandalay,Myanmar,FALSE
2018-11-12,Malaysia,Laos,3,1,AFF Championship,Kuala Lumpur,Malaysia,FALSE
2018-11-13,Indonesia,Timor-Leste,3,1,AFF Championship,Jakarta,Indonesia,FALSE
2018-11-13,Philippines,Singapore,1,0,AFF Championship,Bacolod,Philippines,FALSE
2018-11-13,Chinese Taipei,Mongolia,2,1,EAFF Championship,Taipei,Chinese Taipei,FALSE
2018-11-13,Hong Kong,North Korea,0,0,EAFF Championship,Taipei,Chinese Taipei,TRUE
2018-11-14,Switzerland,Qatar,0,1,Friendly,Lugano,Switzerland,FALSE
2018-11-14,Vanuatu,New Caledonia,0,1,Friendly,Port Vila,Vanuatu,FALSE
2018-11-15,Belgium,Iceland,2,0,UEFA Nations League,Brussels,Belgium,FALSE
2018-11-15,Croatia,Spain,3,2,UEFA Nations League,Zagreb,Croatia,FALSE
2018-11-15,Austria,Bosnia and Herzegovina,0,0,UEFA Nations League,Vienna,Austria,FALSE
2018-11-15,Hungary,Estonia,2,0,UEFA Nations League,Budapest,Hungary,FALSE
2018-11-15,Greece,Finland,1,0,UEFA Nations League,Athens,Greece,FALSE
2018-11-15,Andorra,Georgia,1,1,UEFA Nations League,Andorra la Vella,Andorra,FALSE
2018-11-15,Kazakhstan,Latvia,1,1,UEFA Nations League,Astana,Kazakhstan,FALSE
2018-11-15,Luxembourg,Belarus,0,2,UEFA Nations League,Luxembourg City,Luxembourg,FALSE
2018-11-15,San Marino,Moldova,0,1,UEFA Nations League,Serravalle,San Marino,FALSE
2018-11-15,England,United States,3,0,Friendly,London,England,FALSE
2018-11-15,Germany,Russia,3,0,Friendly,Leipzig,Germany,FALSE
2018-11-15,Iran,Trinidad and Tobago,1,0,Friendly,Tehran,Iran,FALSE
2018-11-15,Israel,Guatemala,7,0,Friendly,Netanya,Israel,FALSE
2018-11-15,Peru,Ecuador,0,2,Friendly,Lima,Peru,FALSE
2018-11-15,Poland,Czech Republic,0,1,Friendly,Gdańsk,Poland,FALSE
2018-11-15,Republic of Ireland,Northern Ireland,0,0,Friendly,Dublin,Republic of Ireland,FALSE
2018-11-15,Uzbekistan,Lebanon,0,0,Friendly,Robina,Australia,TRUE
2018-11-16,Netherlands,France,2,0,UEFA Nations League,Rotterdam,Netherlands,FALSE
2018-11-16,Slovakia,Ukraine,4,1,UEFA Nations League,Trnava,Slovakia,FALSE
2018-11-16,Wales,Denmark,1,2,UEFA Nations League,Cardiff,Wales,FALSE
2018-11-16,Slovenia,Norway,1,1,UEFA Nations League,Ljubljana,Slovenia,FALSE
2018-11-16,Cyprus,Bulgaria,1,1,UEFA Nations League,Nicosia,Cyprus,FALSE
2018-11-16,Gibraltar,Armenia,2,6,UEFA Nations League,Gibraltar,Gibraltar,FALSE
2018-11-16,Liechtenstein,North Macedonia,0,2,UEFA Nations League,Vaduz,Liechtenstein,FALSE
2018-11-16,Argentina,Mexico,2,0,Friendly,Cordoba,Argentina,FALSE
2018-11-16,Brazil,Uruguay,1,0,Friendly,London,England,TRUE
2018-11-16,Chile,Costa Rica,2,3,Friendly,Rancagua,Chile,FALSE
2018-11-16,Honduras,Panama,1,0,Friendly,Tegucigalpa,Honduras,FALSE
2018-11-16,Japan,Venezuela,1,1,Friendly,Ōita,Japan,FALSE
2018-11-16,Oman,Syria,1,1,Friendly,Muscat,Oman,FALSE
2018-11-16,Palestine,Pakistan,2,1,Friendly,Al Ram,Palestine,FALSE
2018-11-16,Saudi Arabia,Yemen,1,0,Friendly,Damman,Saudi Arabia,FALSE
2018-11-16,United Arab Emirates,Bolivia,0,0,Friendly,Dubai,United Arab Emirates,FALSE
2018-11-16,Laos,Myanmar,1,3,AFF Championship,Vientiane,Laos,FALSE
2018-11-16,Vietnam,Malaysia,2,0,AFF Championship,Hanoi,Vietnam,FALSE
2018-11-16,Morocco,Cameroon,2,0,African Cup of Nations qualification,Casablanca,Morocco,FALSE
2018-11-16,South Sudan,Burundi,2,5,African Cup of Nations qualification,Juba,South Sudan,FALSE
2018-11-16,Egypt,Tunisia,3,2,African Cup of Nations qualification,Alexandria,Egypt,FALSE
2018-11-16,Chinese Taipei,North Korea,0,2,EAFF Championship,Taipei,Chinese Taipei,FALSE
2018-11-16,Mongolia,Hong Kong,1,5,EAFF Championship,Taipei,Chinese Taipei,TRUE
2018-11-17,Italy,Portugal,0,0,UEFA Nations League,Milan,Italy,FALSE
2018-11-17,Turkey,Sweden,0,1,UEFA Nations League,Konya,Turkey,FALSE
2018-11-17,Albania,Scotland,0,4,UEFA Nations League,Shkodër,Albania,FALSE
2018-11-17,Serbia,Montenegro,2,1,UEFA Nations League,Belgrade,Serbia,FALSE
2018-11-17,Romania,Lithuania,3,0,UEFA Nations League,Ploiești,Romania,FALSE
2018-11-17,Malta,Kosovo,0,5,UEFA Nations League,Attard,Malta,FALSE
2018-11-17,Azerbaijan,Faroe Islands,2,0,UEFA Nations League,Baku,Azerbaijan,FALSE
2018-11-17,Australia,South Korea,1,1,Friendly,Brisbane,Australia,FALSE
2018-11-17,Jordan,India,2,1,Friendly,Amman,Jordan,FALSE
2018-11-17,Vanuatu,New Caledonia,2,2,Friendly,Port Vila,Vanuatu,FALSE
2018-11-17,Thailand,Indonesia,4,2,AFF Championship,Bangkok,Thailand,FALSE
2018-11-17,Timor-Leste,Philippines,2,3,AFF Championship,Kuala Lumpur,Malaysia,TRUE
2018-11-17,Equatorial Guinea,Senegal,0,1,African Cup of Nations qualification,Bata,Equatorial Guinea,FALSE
2018-11-17,Gambia,Benin,3,1,African Cup of Nations qualification,Bakau,Gambia,FALSE
2018-11-17,Seychelles,Libya,1,8,African Cup of Nations qualification,Victoria,Seychelles,FALSE
2018-11-17,Namibia,Guinea-Bissau,0,0,African Cup of Nations qualification,Windhoek,Namibia,FALSE
2018-11-17,Uganda,Cape Verde,1,0,African Cup of Nations qualification,Kira,Uganda,FALSE
2018-11-18,Switzerland,Belgium,5,2,UEFA Nations League,Luzern,Switzerland,FALSE
2018-11-18,England,Croatia,2,1,UEFA Nations League,London,England,FALSE
2018-11-18,Northern Ireland,Austria,1,2,UEFA Nations League,Belfast,Northern Ireland,FALSE
2018-11-18,Greece,Estonia,0,1,UEFA Nations League,Athens,Greece,FALSE
2018-11-18,Hungary,Finland,2,0,UEFA Nations League,Budapest,Hungary,FALSE
2018-11-18,San Marino,Belarus,0,2,UEFA Nations League,Serravalle,San Marino,FALSE
2018-11-18,Moldova,Luxembourg,1,1,UEFA Nations League,Chișinău,Moldova,FALSE
2018-11-18,Spain,Bosnia and Herzegovina,1,0,Friendly,Las Palmas,Spain,FALSE
2018-11-18,Ethiopia,Ghana,0,2,African Cup of Nations qualification,Addis Ababa,Ethiopia,FALSE
2018-11-18,Congo,DR Congo,1,1,African Cup of Nations qualification,Brazzaville,Congo,FALSE
2018-11-18,Guinea,Ivory Coast,1,1,African Cup of Nations qualification,Conakry,Guinea,FALSE
2018-11-18,Angola,Burkina Faso,2,1,African Cup of Nations qualification,Luanda,Angola,FALSE
2018-11-18,Yorkshire,Panjab,5,4,Friendly,Ossett,England,FALSE
2018-11-19,Germany,Netherlands,2,2,UEFA Nations League,Gelsenkirchen,Germany,FALSE
2018-11-19,Czech Republic,Slovakia,1,0,UEFA Nations League,Prague,Czech Republic,FALSE
2018-11-19,Denmark,Republic of Ireland,0,0,UEFA Nations League,Aarhus,Denmark,FALSE
2018-11-19,Bulgaria,Slovenia,1,1,UEFA Nations League,Sofia,Bulgaria,FALSE
2018-11-19,Cyprus,Norway,0,2,UEFA Nations League,Nicosia,Cyprus,FALSE
2018-11-19,Andorra,Latvia,0,0,UEFA Nations League,Andorra la Vella,Andorra,FALSE
2018-11-19,Georgia,Kazakhstan,2,1,UEFA Nations League,Tbilisi,Georgia,FALSE
2018-11-19,North Macedonia,Gibraltar,4,0,UEFA Nations League,Skopje,North Macedonia,FALSE
2018-11-19,Liechtenstein,Armenia,2,2,UEFA Nations League,Vaduz,Liechtenstein,FALSE
2018-11-19,Iceland,Qatar,2,2,Friendly,Eupen,Belgium,TRUE
2018-11-19,Oman,Bahrain,2,1,Friendly,Muscat,Oman,FALSE
2018-11-20,Portugal,Poland,1,1,UEFA Nations League,Guimaraes,Portugal,FALSE
2018-11-20,Sweden,Russia,2,0,UEFA Nations League,Stockholm,Sweden,FALSE
2018-11-20,Scotland,Israel,3,2,UEFA Nations League,Glasgow,Scotland,FALSE
2018-11-20,Montenegro,Romania,0,1,UEFA Nations League,Podgorica,Montenegro,FALSE
2018-11-20,Serbia,Lithuania,4,1,UEFA Nations League,Belgrade,Serbia,FALSE
2018-11-20,Kosovo,Azerbaijan,4,0,UEFA Nations League,Pristina,Kosovo,FALSE
2018-11-20,Malta,Faroe Islands,1,1,UEFA Nations League,Attard,Malta,FALSE
2018-11-20,Albania,Wales,1,0,Friendly,Elbasan,Albania,FALSE
2018-11-20,Argentina,Mexico,2,0,Friendly,Mendoza,Argentina,FALSE
2018-11-20,Australia,Lebanon,3,0,Friendly,Sydney,Australia,FALSE
2018-11-20,Brazil,Cameroon,1,0,Friendly,London,England,TRUE
2018-11-20,Chile,Honduras,4,1,Friendly,Temuco,Chile,FALSE
2018-11-20,China PR,Palestine,1,1,Friendly,Wuhan,China PR,FALSE
2018-11-20,El Salvador,Haiti,1,0,Friendly,San Salvador,El Salvador,FALSE
2018-11-20,France,Uruguay,1,0,Friendly,Paris,France,FALSE
2018-11-20,Iran,Venezuela,1,1,Friendly,Doha,Qatar,TRUE
2018-11-20,Iraq,Bolivia,0,0,Friendly,Al-Ain,Iraq,FALSE
2018-11-20,Italy,United States,1,0,Friendly,Genk,Belgium,TRUE
2018-11-20,Japan,Kyrgyzstan,4,0,Friendly,Toyota,Japan,FALSE
2018-11-20,Jordan,Saudi Arabia,1,1,Friendly,Amman,Jordan,FALSE
2018-11-20,South Korea,Uzbekistan,4,0,Friendly,Brisbane,Australia,TRUE
2018-11-20,Kuwait,Syria,1,2,Friendly,Al Farwaniyah,Kuwait,FALSE
2018-11-20,Nigeria,Uganda,0,0,Friendly,Asaba,Nigeria,FALSE
2018-11-20,Panama,Ecuador,1,2,Friendly,Panama City,Panama,FALSE
2018-11-20,Peru,Costa Rica,2,3,Friendly,Arequipa,Peru,FALSE
2018-11-20,South Africa,Paraguay,1,1,Friendly,Durban,South Africa,FALSE
2018-11-20,Tunisia,Morocco,0,1,Friendly,Radès,Tunisia,FALSE
2018-11-20,Turkey,Ukraine,0,0,Friendly,Antalya,Turkey,FALSE
2018-11-20,United Arab Emirates,Yemen,2,0,Friendly,Dubai,United Arab Emirates,FALSE
2018-11-20,Myanmar,Vietnam,0,0,AFF Championship,Yangon,Myanmar,FALSE
2018-11-20,Cambodia,Laos,3,1,AFF Championship,Phnom Penh,Cambodia,FALSE
2018-11-21,Philippines,Thailand,1,1,AFF Championship,Bacolod,Philippines,FALSE
2018-11-21,Singapore,Timor-Leste,6,1,AFF Championship,Kallang,Singapore,FALSE
2018-11-24,Vietnam,Cambodia,3,0,AFF Championship,Hanoi,Vietnam,FALSE
2018-11-24,Malaysia,Myanmar,3,0,AFF Championship,Kuala Lumpur,Malaysia,FALSE
2018-11-25,Indonesia,Philippines,0,0,AFF Championship,Jakarta,Indonesia,FALSE
2018-11-25,Thailand,Singapore,3,0,AFF Championship,Bangkok,Thailand,FALSE
2018-12-01,Malaysia,Thailand,0,0,AFF Championship,Kuala Lumpur,Malaysia,FALSE
2018-12-02,Philippines,Vietnam,1,2,AFF Championship,Bacolod,Philippines,FALSE
2018-12-05,Thailand,Malaysia,2,2,AFF Championship,Bangkok,Thailand,FALSE
2018-12-06,Vietnam,Philippines,2,1,AFF Championship,Hanoi,Vietnam,FALSE
2018-12-11,Malaysia,Vietnam,2,2,AFF Championship,Kuala Lumpur,Malaysia,FALSE
2018-12-13,Oman,Tajikistan,2,1,Friendly,Muscat,Oman,FALSE
2018-12-15,Vietnam,Malaysia,1,0,AFF Championship,Hanoi,Vietnam,FALSE
2018-12-16,Oman,Tajikistan,1,0,Friendly,Muscat,Oman,FALSE
2018-12-16,Palestine,Pakistan,2,0,Friendly,Doha,Qatar,TRUE
2018-12-20,Bahrain,Tajikistan,5,0,Friendly,Isa Town,Bahrain,FALSE
2018-12-20,Jordan,Kyrgyzstan,0,1,Friendly,Doha,Qatar,TRUE
2018-12-23,Qatar,Jordan,2,0,Friendly,Doha,Qatar,FALSE
2018-12-24,Iraq,China PR,2,1,Friendly,Doha,Qatar,TRUE
2018-12-24,Palestine,Iran,1,1,Friendly,Doha,Qatar,TRUE
2018-12-25,Afghanistan,Turkmenistan,0,2,Friendly,Antalya,Turkey,TRUE
2018-12-25,Qatar,Kyrgyzstan,1,0,Friendly,Doha,Qatar,FALSE
2018-12-25,Vietnam,North Korea,1,1,Friendly,Hanoi,Vietnam,FALSE
2018-12-27,Bahrain,Lebanon,1,0,Friendly,East Riffa,Bahrain,FALSE
2018-12-27,India,Oman,0,0,Friendly,Abu Dhabi,United Arab Emirates,TRUE
2018-12-27,Qatar,Algeria,0,1,Friendly,Doha,Qatar,FALSE
2018-12-28,China PR,Jordan,1,1,Friendly,Doha,Qatar,TRUE
2018-12-28,Iraq,Palestine,1,0,Friendly,Doha,Qatar,TRUE
2018-12-28,United Arab Emirates,Kuwait,0,2,Friendly,Dubai,United Arab Emirates,FALSE
2018-12-29,Bahrain,North Korea,4,0,Friendly,Isa Town,Bahrain,FALSE
2018-12-30,Australia,Oman,5,0,Friendly,Dubai,United Arab Emirates,TRUE
2018-12-30,Yemen,Syria,0,1,Friendly,Abu Dhabi,United Arab Emirates,TRUE
2018-12-31,South Korea,Saudi Arabia,0,0,Friendly,Abu Dhabi,United Arab Emirates,TRUE
2018-12-31,Kyrgyzstan,Palestine,2,1,Friendly,Doha,Qatar,TRUE
2018-12-31,Philippines,Vietnam,2,4,Friendly,Doha,Qatar,TRUE
2018-12-31,Qatar,Iran,1,2,Friendly,Doha,Qatar,FALSE
2019-01-02,Oman,Thailand,2,0,Friendly,Abu Dhabi,United Arab Emirates,TRUE
2019-01-05,United Arab Emirates,Bahrain,1,1,AFC Asian Cup,Abu Dhabi,United Arab Emirates,FALSE
2019-01-06,Thailand,India,1,4,AFC Asian Cup,Abu Dhabi,United Arab Emirates,TRUE
2019-01-06,Australia,Jordan,0,1,AFC Asian Cup,Al Ain,United Arab Emirates,TRUE
2019-01-06,Syria,Palestine,0,0,AFC Asian Cup,Sharjah,United Arab Emirates,TRUE
2019-01-07,China PR,Kyrgyzstan,2,1,AFC Asian Cup,Al Ain,United Arab Emirates,TRUE
2019-01-07,South Korea,Philippines,1,0,AFC Asian Cup,Dubai,United Arab Emirates,TRUE
2019-01-07,Iran,Yemen,5,0,AFC Asian Cup,Abu Dhabi,United Arab Emirates,TRUE
2019-01-08,Finland,Sweden,1,0,Friendly,Doha,Qatar,TRUE
2019-01-08,Iraq,Vietnam,3,2,AFC Asian Cup,Abu Dhabi,United Arab Emirates,TRUE
2019-01-08,Saudi Arabia,North Korea,4,0,AFC Asian Cup,Dubai,United Arab Emirates,TRUE
2019-01-09,Qatar,Lebanon,2,0,AFC Asian Cup,Al Ain,United Arab Emirates,TRUE
2019-01-09,Japan,Turkmenistan,3,2,AFC Asian Cup,Abu Dhabi,United Arab Emirates,TRUE
2019-01-09,Uzbekistan,Oman,2,1,AFC Asian Cup,Sharjah,United Arab Emirates,TRUE
2019-01-10,Bahrain,Thailand,0,1,AFC Asian Cup,Dubai,United Arab Emirates,TRUE
2019-01-10,India,United Arab Emirates,0,2,AFC Asian Cup,Abu Dhabi,United Arab Emirates,TRUE
2019-01-10,Jordan,Syria,2,0,AFC Asian Cup,Al Ain,United Arab Emirates,TRUE
2019-01-11,Estonia,Finland,2,1,Friendly,Doha,Qatar,TRUE
2019-01-11,Iceland,Sweden,2,2,Friendly,Doha,Qatar,TRUE
2019-01-11,Palestine,Australia,0,3,AFC Asian Cup,Dubai,United Arab Emirates,TRUE
2019-01-11,Philippines,China PR,0,3,AFC Asian Cup,Abu Dhabi,United Arab Emirates,TRUE
2019-01-11,Kyrgyzstan,South Korea,0,1,AFC Asian Cup,Al Ain,United Arab Emirates,TRUE
2019-01-12,Vietnam,Iran,0,2,AFC Asian Cup,Abu Dhabi,United Arab Emirates,TRUE
2019-01-12,Yemen,Iraq,0,3,AFC Asian Cup,Sharjah,United Arab Emirates,TRUE
2019-01-12,Lebanon,Saudi Arabia,0,2,AFC Asian Cup,Dubai,United Arab Emirates,TRUE
2019-01-13,North Korea,Qatar,0,6,AFC Asian Cup,Al Ain,United Arab Emirates,TRUE
2019-01-13,Oman,Japan,0,1,AFC Asian Cup,Abu Dhabi,United Arab Emirates,TRUE
2019-01-13,Turkmenistan,Uzbekistan,0,4,AFC Asian Cup,Dubai,United Arab Emirates,TRUE
2019-01-14,India,Bahrain,0,1,AFC Asian Cup,Sharjah,United Arab Emirates,TRUE
2019-01-14,United Arab Emirates,Thailand,1,1,AFC Asian Cup,Al Ain,United Arab Emirates,FALSE
2019-01-15,Estonia,Iceland,0,0,Friendly,Doha,Qatar,TRUE
2019-01-15,Australia,Syria,3,2,AFC Asian Cup,Al Ain,United Arab Emirates,TRUE
2019-01-15,Palestine,Jordan,0,0,AFC Asian Cup,Abu Dhabi,United Arab Emirates,TRUE
2019-01-16,South Korea,China PR,2,0,AFC Asian Cup,Abu Dhabi,United Arab Emirates,TRUE
2019-01-16,Kyrgyzstan,Philippines,3,1,AFC Asian Cup,Dubai,United Arab Emirates,TRUE
2019-01-16,Iran,Iraq,0,0,AFC Asian Cup,Dubai,United Arab Emirates,TRUE
2019-01-16,Vietnam,Yemen,2,0,AFC Asian Cup,Al Ain,United Arab Emirates,TRUE
2019-01-17,Lebanon,North Korea,4,1,AFC Asian Cup,Sharjah,United Arab Emirates,TRUE
2019-01-17,Saudi Arabia,Qatar,0,2,AFC Asian Cup,Abu Dhabi,United Arab Emirates,TRUE
2019-01-17,Japan,Uzbekistan,2,1,AFC Asian Cup,Al Ain,United Arab Emirates,TRUE
2019-01-17,Oman,Turkmenistan,3,1,AFC Asian Cup,Abu Dhabi,United Arab Emirates,TRUE
2019-01-20,Iran,Oman,2,0,AFC Asian Cup,Abu Dhabi,United Arab Emirates,TRUE
2019-01-20,Jordan,Vietnam,1,1,AFC Asian Cup,Dubai,United Arab Emirates,TRUE
2019-01-20,Thailand,China PR,1,2,AFC Asian Cup,Al Ain,United Arab Emirates,TRUE
2019-01-21,Australia,Uzbekistan,0,0,AFC Asian Cup,Al Ain,United Arab Emirates,TRUE
2019-01-21,Japan,Saudi Arabia,1,0,AFC Asian Cup,Sharjah,United Arab Emirates,TRUE
2019-01-21,United Arab Emirates,Kyrgyzstan,3,2,AFC Asian Cup,Abu Dhabi,United Arab Emirates,FALSE
2019-01-22,South Korea,Bahrain,2,1,AFC Asian Cup,Dubai,United Arab Emirates,TRUE
2019-01-22,Qatar,Iraq,1,0,AFC Asian Cup,Abu Dhabi,United Arab Emirates,TRUE
2019-01-24,China PR,Iran,0,3,AFC Asian Cup,Abu Dhabi,United Arab Emirates,TRUE
2019-01-24,Vietnam,Japan,0,1,AFC Asian Cup,Dubai,United Arab Emirates,TRUE
2019-01-25,South Korea,Qatar,0,1,AFC Asian Cup,Abu Dhabi,United Arab Emirates,TRUE
2019-01-25,United Arab Emirates,Australia,1,0,AFC Asian Cup,Al Ain,United Arab Emirates,FALSE
2019-01-27,United States,Panama,3,0,Friendly,Glendale,United States,FALSE
2019-01-28,Iran,Japan,0,3,AFC Asian Cup,Al Ain,United Arab Emirates,TRUE
2019-01-29,Qatar,United Arab Emirates,4,0,AFC Asian Cup,Abu Dhabi,United Arab Emirates,TRUE
2019-02-01,Japan,Qatar,1,3,AFC Asian Cup,Abu Dhabi,United Arab Emirates,TRUE
2019-02-02,United States,Costa Rica,2,0,Friendly,San Jose,United States,FALSE
2019-02-21,Kazakhstan,Moldova,1,0,Friendly,Belek,Turkey,TRUE
2019-02-27,Cuba,Bermuda,5,0,Friendly,Havana,Cuba,FALSE
2019-03-03,Bolivia,Nicaragua,2,2,Friendly,Villa Tunari,Bolivia,FALSE
2019-03-04,Barbados,Grenada,3,0,Friendly,Kingstown,Saint Vincent and the Grenadines,TRUE
2019-03-06,El Salvador,Guatemala,3,1,Friendly,Los Angeles,United States,TRUE
2019-03-09,Cambodia,Bangladesh,0,1,Friendly,Phnom Penh,Cambodia,FALSE
2019-03-16,Bahamas,Turks and Caicos Islands,6,1,Friendly,Nassau,Bahamas,FALSE
2019-03-18,Fiji,New Caledonia,3,0,Friendly,Suva,Fiji,FALSE
2019-03-18,Solomon Islands,Vanuatu,3,1,Friendly,Honiara,Solomon Islands,FALSE
2019-03-19,Myanmar,Chinese Taipei,0,0,Friendly,Mandalay,Myanmar,FALSE
2019-03-20,Germany,Serbia,1,1,Friendly,Wolfsburg,Germany,FALSE
2019-03-20,Wales,Trinidad and Tobago,1,0,Friendly,Wrexham,Wales,FALSE
2019-03-21,Kosovo,Denmark,2,2,Friendly,Pristina,Kosovo,FALSE
2019-03-21,Kuwait,Nepal,0,0,Friendly,Al Ahmadi,Kuwait,FALSE
2019-03-21,Mauritius,New Caledonia,3,1,Friendly,Lautoka,Fiji,TRUE
2019-03-21,United Arab Emirates,Saudi Arabia,2,1,Friendly,Abu Dhabi,United Arab Emirates,FALSE
2019-03-21,United States,Ecuador,1,0,Friendly,Orlando,United States,FALSE
2019-03-21,Northern Ireland,Estonia,2,0,UEFA Euro qualification,Belfast,Northern Ireland,FALSE
2019-03-21,Netherlands,Belarus,4,0,UEFA Euro qualification,Rotterdam,Netherlands,FALSE
2019-03-21,Croatia,Azerbaijan,2,1,UEFA Euro qualification,Zagreb,Croatia,FALSE
2019-03-21,Slovakia,Hungary,2,0,UEFA Euro qualification,Trnava,Slovakia,FALSE
2019-03-21,Austria,Poland,0,1,UEFA Euro qualification,Vienna,Austria,FALSE
2019-03-21,North Macedonia,Latvia,3,1,UEFA Euro qualification,Skopje,North Macedonia,FALSE
2019-03-21,Israel,Slovenia,1,1,UEFA Euro qualification,Haifa,Israel,FALSE
2019-03-21,Cyprus,San Marino,5,0,UEFA Euro qualification,Nicosia,Cyprus,FALSE
2019-03-21,Belgium,Russia,3,1,UEFA Euro qualification,Brussels,Belgium,FALSE
2019-03-21,Kazakhstan,Scotland,3,0,UEFA Euro qualification,Nursultan,Kazakhstan,FALSE
2019-03-22,Argentina,Venezuela,1,3,Friendly,Madrid,Spain,TRUE
2019-03-22,Guatemala,Costa Rica,1,0,Friendly,Guatemala City,Guatemala,FALSE
2019-03-22,Japan,Colombia,0,1,Friendly,Yokohama,Japan,FALSE
2019-03-22,South Korea,Bolivia,1,0,Friendly,Ulsan,South Korea,FALSE
2019-03-22,Mexico,Chile,3,1,Friendly,San Diego,United States,TRUE
2019-03-22,Peru,Paraguay,1,0,Friendly,Harrison,United States,TRUE
2019-03-22,Bulgaria,Montenegro,1,1,UEFA Euro qualification,Sofia,Bulgaria,FALSE
2019-03-22,England,Czech Republic,5,0,UEFA Euro qualification,London,England,FALSE
2019-03-22,Portugal,Ukraine,0,0,UEFA Euro qualification,Lisbon,Portugal,FALSE
2019-03-22,Luxembourg,Lithuania,2,1,UEFA Euro qualification,Luxembourg City,Luxembourg,FALSE
2019-03-22,Albania,Turkey,0,2,UEFA Euro qualification,Shkodër,Albania,FALSE
2019-03-22,Andorra,Iceland,0,2,UEFA Euro qualification,Andorra la Vella,Andorra,FALSE
2019-03-22,Moldova,France,1,4,UEFA Euro qualification,Chișinău,Moldova,FALSE
2019-03-22,Botswana,Angola,0,1,African Cup of Nations qualification,Francistown,Botswana,FALSE
2019-03-23,Brazil,Panama,1,1,Friendly,Porto,Portugal,TRUE
2019-03-23,Malaysia,Afghanistan,2,1,Friendly,Kuala Lumpur,Malaysia,FALSE
2019-03-23,Oman,Singapore,1,1,Friendly,Kuala Lumpur,Malaysia,TRUE
2019-03-23,Georgia,Switzerland,0,2,UEFA Euro qualification,Tbilisi,Georgia,FALSE
2019-03-23,Gibraltar,Republic of Ireland,0,1,UEFA Euro qualification,Gibraltar,Gibraltar,FALSE
2019-03-23,Malta,Faroe Islands,2,1,UEFA Euro qualification,Attard,Malta,FALSE
2019-03-23,Sweden,Romania,2,1,UEFA Euro qualification,Stockholm,Sweden,FALSE
2019-03-23,Spain,Norway,2,1,UEFA Euro qualification,Valencia,Spain,FALSE
2019-03-23,Bosnia and Herzegovina,Armenia,2,1,UEFA Euro qualification,Sarajevo,Bosnia and Herzegovina,FALSE
2019-03-23,Italy,Finland,2,0,UEFA Euro qualification,Udine,Italy,FALSE
2019-03-23,Liechtenstein,Greece,0,2,UEFA Euro qualification,Vaduz,Liechtenstein,FALSE
2019-03-23,Senegal,Madagascar,2,0,African Cup of Nations qualification,Thiès,Senegal,FALSE
2019-03-23,Cameroon,Comoros,3,0,African Cup of Nations qualification,Yaoundé,Cameroon,FALSE
2019-03-23,Mali,South Sudan,3,0,African Cup of Nations qualification,Bamako,Mali,FALSE
2019-03-23,Ghana,Kenya,1,0,African Cup of Nations qualification,Accra,Ghana,FALSE
2019-03-23,Niger,Egypt,1,1,African Cup of Nations qualification,Niamey,Niger,FALSE
2019-03-23,Zambia,Namibia,4,1,African Cup of Nations qualification,Lusaka,Zambia,FALSE
2019-03-24,Chinese Taipei,Solomon Islands,0,1,Friendly,Taipei,Chinese Taipei,FALSE
2019-03-24,Fiji,Mauritius,1,0,Friendly,Lautoka,Fiji,FALSE
2019-03-24,Northern Ireland,Belarus,2,1,UEFA Euro qualification,Belfast,Northern Ireland,FALSE
2019-03-24,Netherlands,Germany,2,3,UEFA Euro qualification,Amsterdam,Netherlands,FALSE
2019-03-24,Wales,Slovakia,1,0,UEFA Euro qualification,Cardiff,Wales,FALSE
2019-03-24,Hungary,Croatia,2,1,UEFA Euro qualification,Budapest,Hungary,FALSE
2019-03-24,Israel,Austria,4,2,UEFA Euro qualification,Haifa,Israel,FALSE
2019-03-24,Poland,Latvia,2,0,UEFA Euro qualification,Warsaw,Poland,FALSE
2019-03-24,Slovenia,North Macedonia,1,1,UEFA Euro qualification,Ljubljana,Slovenia,FALSE
2019-03-24,San Marino,Scotland,0,2,UEFA Euro qualification,Serravalle,San Marino,FALSE
2019-03-24,Kazakhstan,Russia,0,4,UEFA Euro qualification,Nursultan,Kazakhstan,FALSE
2019-03-24,Cyprus,Belgium,0,2,UEFA Euro qualification,Nicosia,Cyprus,FALSE
2019-03-24,Benin,Togo,2,1,African Cup of Nations qualification,Cotonou,Benin,FALSE
2019-03-24,Libya,South Africa,1,2,African Cup of Nations qualification,Sfax,Tunisia,TRUE
2019-03-24,Zimbabwe,Congo,2,0,African Cup of Nations qualification,Harare,Zimbabwe,FALSE
2019-03-24,Central African Republic,Guinea,0,0,African Cup of Nations qualification,Bangui,Central African Republic,FALSE
2019-03-24,Tanzania,Uganda,3,0,African Cup of Nations qualification,Dar es Salaam,Tanzania,FALSE
2019-03-25,Azerbaijan,Lithuania,0,0,Friendly,Baku,Azerbaijan,FALSE
2019-03-25,Kuwait,Nepal,1,0,Friendly,Al Ahmadi,Kuwait,FALSE
2019-03-25,Myanmar,Indonesia,0,2,Friendly,Mandalay,Myanmar,FALSE
2019-03-25,Saudi Arabia,Equatorial Guinea,3,2,Friendly,Riyadh,Saudi Arabia,FALSE
2019-03-25,Kosovo,Bulgaria,1,1,UEFA Euro qualification,Pristina,Kosovo,FALSE
2019-03-25,Montenegro,England,1,5,UEFA Euro qualification,Podgorica,Montenegro,FALSE
2019-03-25,Portugal,Serbia,1,1,UEFA Euro qualification,Lisbon,Portugal,FALSE
2019-03-25,Luxembourg,Ukraine,1,2,UEFA Euro qualification,Luxembourg City,Luxembourg,FALSE
2019-03-25,Turkey,Moldova,4,0,UEFA Euro qualification,Eskişehir,Turkey,FALSE
2019-03-25,Andorra,Albania,0,3,UEFA Euro qualification,Andorra la Vella,Andorra,FALSE
2019-03-25,France,Iceland,4,0,UEFA Euro qualification,Paris,France,FALSE
2019-03-26,Algeria,Tunisia,1,0,Friendly,Blida,Algeria,FALSE
2019-03-26,Costa Rica,Jamaica,1,0,Friendly,San José,Costa Rica,FALSE
2019-03-26,Czech Republic,Brazil,1,3,Friendly,Prague,Czech Republic,FALSE
2019-03-26,Ghana,Mauritania,3,1,Friendly,Accra,Ghana,FALSE
2019-03-26,Gibraltar,Estonia,0,1,Friendly,Gibraltar,Gibraltar,FALSE
2019-03-26,Honduras,Ecuador,0,0,Friendly,Harrison,United States,TRUE
2019-03-26,Ivory Coast,Liberia,1,0,Friendly,Abidjan,Ivory Coast,FALSE
2019-03-26,Japan,Bolivia,0,1,Friendly,Kobe,Japan,FALSE
2019-03-26,South Korea,Colombia,2,1,Friendly,Seoul,South Korea,FALSE
2019-03-26,Morocco,Argentina,0,1,Friendly,Tangiers,Morocco,FALSE
2019-03-26,Nicaragua,Guatemala,0,1,Friendly,Managua,Nicaragua,FALSE
2019-03-26,Nigeria,Egypt,1,0,Friendly,Asaba,Nigeria,FALSE
2019-03-26,Paraguay,Mexico,2,4,Friendly,Santa Clara,United States,TRUE
2019-03-26,Peru,El Salvador,0,2,Friendly,Washington,United States,TRUE
2019-03-26,Senegal,Mali,2,1,Friendly,Dakar,Senegal,FALSE
2019-03-26,United Arab Emirates,Syria,0,0,Friendly,Abu Dhabi,United Arab Emirates,FALSE
2019-03-26,United States,Chile,1,1,Friendly,Houston,United States,FALSE
2019-03-26,Republic of Ireland,Georgia,1,0,UEFA Euro qualification,Dublin,Republic of Ireland,FALSE
2019-03-26,Switzerland,Denmark,3,3,UEFA Euro qualification,Basel,Switzerland,FALSE
2019-03-26,Malta,Spain,0,2,UEFA Euro qualification,Attard,Malta,FALSE
2019-03-26,Norway,Sweden,3,3,UEFA Euro qualification,Oslo,Norway,FALSE
2019-03-26,Romania,Faroe Islands,4,1,UEFA Euro qualification,Cluj-Napoca,Romania,FALSE
2019-03-26,Bosnia and Herzegovina,Greece,2,2,UEFA Euro qualification,Zenica,Bosnia and Herzegovina,FALSE
2019-03-26,Italy,Liechtenstein,6,0,UEFA Euro qualification,Parma,Italy,FALSE
2019-03-26,Armenia,Finland,0,2,UEFA Euro qualification,Yerevan,Armenia,FALSE
2019-04-20,Botswana,Seychelles,2,0,African Nations Championship,Lobatse,Botswana,FALSE
2019-04-20,Eswatini,Malawi,0,0,African Nations Championship,Manzini,Eswatini,FALSE
2019-05-04,Yorkshire,Somaliland,6,2,Friendly,Athersley,England,FALSE
2019-05-11,Malawi,Eswatini,1,1,African Nations Championship,Blantyre,Malawi,FALSE
2019-05-11,Seychelles,Botswana,1,3,African Nations Championship,Victoria,Seychelles,FALSE
2019-05-25,Eswatini,Mauritius,2,2,COSAFA Cup,Durban,South Africa,TRUE
2019-05-25,Kernow,Barawa,5,0,Friendly,Bodmin,England,FALSE
2019-05-25,Cascadia,Chagos Islands,6,3,Friendly,Kent,United States,FALSE
2019-05-26,Mozambique,Namibia,1,2,COSAFA Cup,Durban,South Africa,TRUE
2019-05-26,Malawi,Seychelles,3,0,COSAFA Cup,Durban,South Africa,TRUE
2019-05-27,Eswatini,Comoros,2,2,COSAFA Cup,Durban,South Africa,TRUE
2019-05-28,Seychelles,Mozambique,0,0,COSAFA Cup,Durban,South Africa,TRUE
2019-05-28,Namibia,Malawi,1,2,COSAFA Cup,Durban,South Africa,TRUE
2019-05-28,Laos,Sri Lanka,2,1,Friendly,Vientiane,Laos,FALSE
2019-05-29,Comoros,Mauritius,2,1,COSAFA Cup,Durban,South Africa,TRUE
2019-05-29,Panama,Basque Country,0,0,Friendly,Panama City,Panama,FALSE
2019-05-30,Mozambique,Malawi,1,1,COSAFA Cup,Durban,South Africa,TRUE
2019-05-30,Namibia,Seychelles,3,0,COSAFA Cup,Durban,South Africa,TRUE
2019-05-30,Turkey,Greece,2,1,Friendly,Antalya,Turkey,FALSE
2019-05-31,Laos,Sri Lanka,2,2,Friendly,Vientiane,Laos,FALSE
2019-06-01,Lesotho,Uganda,0,0,COSAFA Cup,Durban,South Africa,TRUE
2019-06-01,Zimbabwe,Comoros,2,0,COSAFA Cup,Durban,South Africa,TRUE
2019-06-01,Venezuela,Ecuador,1,1,Friendly,Miami Gardens,United States,TRUE
2019-06-01,Yorkshire,Parishes of Jersey,1,0,Atlantic Heritage Cup,Ossett,England,FALSE
2019-06-02,South Africa,Botswana,2,2,COSAFA Cup,Durban,South Africa,FALSE
2019-06-02,Zambia,Malawi,2,2,COSAFA Cup,Durban,South Africa,TRUE
2019-06-02,El Salvador,Haiti,1,0,Friendly,Washington,United States,TRUE
2019-06-02,France,Bolivia,2,0,Friendly,Nantes,France,FALSE
2019-06-02,Luxembourg,Madagascar,3,3,Friendly,Luxembourg City,Luxembourg,FALSE
2019-06-02,Malaysia,Nepal,2,0,Friendly,Kuala Lumpur,Malaysia,FALSE
2019-06-02,Turkey,Uzbekistan,0,0,Friendly,Alanya,Turkey,FALSE
2019-06-02,Abkhazia,Chameria,3,1,CONIFA European Football Cup,Askeran,Azerbaijan,TRUE
2019-06-02,Artsakh,Sápmi,3,2,CONIFA European Football Cup,Stepanakert,Azerbaijan,FALSE
2019-06-02,Padania,Székely Land,4,0,CONIFA European Football Cup,Martakert,Azerbaijan,TRUE
2019-06-02,Western Armenia,South Ossetia,1,2,CONIFA European Football Cup,Martuni,Azerbaijan,TRUE
2019-06-02,Parishes of Jersey,Chagos Islands,9,2,Atlantic Heritage Cup,Harrogate,England,FALSE
2019-06-03,Colombia,Panama,3,0,Friendly,Bogota,Colombia,FALSE
2019-06-03,Vanuatu,Tahiti,2,0,Friendly,Port Vila,Vanuatu,FALSE
2019-06-03,Artsakh,Chameria,1,4,CONIFA European Football Cup,Martuni,Azerbaijan,FALSE
2019-06-03,Sápmi,Abkhazia,0,1,CONIFA European Football Cup,Martakert,Azerbaijan,TRUE
2019-06-03,Székely Land,Western Armenia,0,5,CONIFA European Football Cup,Askeran,Azerbaijan,TRUE
2019-06-03,South Ossetia,Padania,2,1,CONIFA European Football Cup,Stepanakert,Azerbaijan,TRUE
2019-06-04,Comoros,Malawi,1,2,COSAFA Cup,Durban,South Africa,TRUE
2019-06-04,Uganda,South Africa,1,1,COSAFA Cup,Durban,South Africa,TRUE
2019-06-04,Artsakh,Abkhazia,1,1,CONIFA European Football Cup,Martuni,Azerbaijan,FALSE
2019-06-04,Chameria,Sápmi,4,0,CONIFA European Football Cup,Martakert,Azerbaijan,TRUE
2019-06-04,South Ossetia,Székely Land,2,2,CONIFA European Football Cup,Askeran,Azerbaijan,TRUE
2019-06-04,Padania,Western Armenia,1,1,CONIFA European Football Cup,Stepanakert,Azerbaijan,TRUE
2019-06-05,Lesotho,Botswana,1,2,COSAFA Cup,Durban,South Africa,TRUE
2019-06-05,Zimbabwe,Zambia,0,0,COSAFA Cup,Durban,South Africa,TRUE
2019-06-05,Brazil,Qatar,2,0,Friendly,Brasilia,Brazil,FALSE
2019-06-05,Mexico,Venezuela,3,1,Friendly,Atlanta,United States,TRUE
2019-06-05,Paraguay,Honduras,1,1,Friendly,Ciudad del Este,Paraguay,FALSE
2019-06-05,Peru,Costa Rica,1,0,Friendly,Lima,Peru,FALSE
2019-06-05,United States,Jamaica,0,1,Friendly,Washington,United States,FALSE
2019-06-05,Portugal,Switzerland,3,1,UEFA Nations League,Porto,Portugal,FALSE
2019-06-06,Bermuda,Guyana,1,0,Friendly,Hamilton,Bermuda,FALSE
2019-06-06,Chile,Haiti,2,1,Friendly,Coquimbo,Chile,FALSE
2019-06-06,Chinese Taipei,Nepal,1,1,Friendly,Kaohsiung,Chinese Taipei,FALSE
2019-06-06,Iran,Syria,5,0,Friendly,Tehran,Iran,FALSE
2019-06-06,Slovakia,Jordan,5,1,Friendly,Trnava,Slovakia,FALSE
2019-06-06,Tajikistan,Afghanistan,1,1,Friendly,Dushanbe,Tajikistan,FALSE
2019-06-06,England,Netherlands,1,3,UEFA Nations League,Guimaraes,Portugal,TRUE
2019-06-06,Abkhazia,Western Armenia,1,1,CONIFA European Football Cup,Stepanakert,Azerbaijan,TRUE
2019-06-06,South Ossetia,Chameria,0,0,CONIFA European Football Cup,Askeran,Azerbaijan,TRUE
2019-06-06,Padania,Sápmi,4,0,CONIFA European Football Cup,Martakert,Azerbaijan,TRUE
2019-06-06,Artsakh,Székely Land,2,1,CONIFA European Football Cup,Martuni,Azerbaijan,FALSE
2019-06-07,Czech Republic,Bulgaria,2,1,UEFA Euro qualification,Prague,Czech Republic,FALSE
2019-06-07,Montenegro,Kosovo,1,1,UEFA Euro qualification,Podgorica,Montenegro,FALSE
2019-06-07,Lithuania,Luxembourg,1,1,UEFA Euro qualification,Vilnius,Lithuania,FALSE
2019-06-07,Ukraine,Serbia,5,0,UEFA Euro qualification,Lviv,Ukraine,FALSE
2019-06-07,Georgia,Gibraltar,3,0,UEFA Euro qualification,Tbilisi,Georgia,FALSE
2019-06-07,Denmark,Republic of Ireland,1,1,UEFA Euro qualification,Copenhagen,Denmark,FALSE
2019-06-07,Faroe Islands,Spain,1,4,UEFA Euro qualification,Tórshavn,Faroe Islands,FALSE
2019-06-07,Norway,Romania,2,2,UEFA Euro qualification,Oslo,Norway,FALSE
2019-06-07,Sweden,Malta,3,0,UEFA Euro qualification,Stockholm,Sweden,FALSE
2019-06-07,Austria,Slovenia,1,0,UEFA Euro qualification,Klagenfurt,Austria,FALSE
2019-06-07,North Macedonia,Poland,0,1,UEFA Euro qualification,Skopje,North Macedonia,FALSE
2019-06-07,Latvia,Israel,0,3,UEFA Euro qualification,Riga,Latvia,FALSE
2019-06-07,Lesotho,Zimbabwe,2,2,COSAFA Cup,Durban,South Africa,TRUE
2019-06-07,South Africa,Malawi,0,0,COSAFA Cup,Durban,South Africa,FALSE
2019-06-07,Argentina,Nicaragua,5,1,Friendly,San Juan,Argentina,FALSE
2019-06-07,China PR,Philippines,2,0,Friendly,Guangzhou,China PR,TRUE
2019-06-07,Fiji,Tahiti,1,1,Friendly,Port Vila,Vanuatu,TRUE
2019-06-07,Ivory Coast,Comoros,3,1,Friendly,Boulogne-Sur-Mer,Ivory Coast,FALSE
2019-06-07,Kenya,Madagascar,1,0,Friendly,Bondoufle,Kenya,FALSE
2019-06-07,South Korea,Australia,1,0,Friendly,Busan,South Korea,FALSE
2019-06-07,Tunisia,Iraq,2,0,Friendly,Radès,Tunisia,FALSE
2019-06-07,Uruguay,Panama,3,0,Friendly,Montevideo,Uruguay,FALSE
2019-06-07,Uzbekistan,North Korea,4,0,Friendly,Tashkent,Uzbekistan,FALSE
2019-06-08,Estonia,Northern Ireland,1,2,UEFA Euro qualification,Tallinn,Estonia,FALSE
2019-06-08,Belarus,Germany,0,2,UEFA Euro qualification,Borisov,Belarus,FALSE
2019-06-08,Croatia,Wales,2,1,UEFA Euro qualification,Osijek,Croatia,FALSE
2019-06-08,Azerbaijan,Hungary,1,3,UEFA Euro qualification,Baku,Azerbaijan,FALSE
2019-06-08,Iceland,Albania,1,0,UEFA Euro qualification,Reykjavík,Iceland,FALSE
2019-06-08,Moldova,Andorra,1,0,UEFA Euro qualification,Chișinău,Moldova,FALSE
2019-06-08,Turkey,France,2,0,UEFA Euro qualification,Konya,Turkey,FALSE
2019-06-08,Russia,San Marino,9,0,UEFA Euro qualification,Saransk,Russia,FALSE
2019-06-08,Scotland,Cyprus,2,1,UEFA Euro qualification,Glasgow,Scotland,FALSE
2019-06-08,Belgium,Kazakhstan,3,0,UEFA Euro qualification,Brussels,Belgium,FALSE
2019-06-08,Finland,Bosnia and Herzegovina,2,0,UEFA Euro qualification,Tampere,Finland,FALSE
2019-06-08,Armenia,Liechtenstein,3,0,UEFA Euro qualification,Yerevan,Armenia,FALSE
2019-06-08,Greece,Italy,0,3,UEFA Euro qualification,Athens,Greece,FALSE
2019-06-08,Botswana,Zambia,0,1,COSAFA Cup,Durban,South Africa,TRUE
2019-06-08,Angola,Guinea-Bissau,2,0,Friendly,Penafiel,Angola,FALSE
2019-06-08,Nigeria,Zimbabwe,0,0,Friendly,Asaba,Nigeria,FALSE
2019-06-08,Singapore,Solomon Islands,4,3,Friendly,Kallang,Singapore,FALSE
2019-06-08,Abkhazia,Chameria,0,0,CONIFA European Football Cup,Stepanakert,Azerbaijan,TRUE
2019-06-08,Sápmi,Székely Land,3,2,CONIFA European Football Cup,Askeran,Azerbaijan,TRUE
2019-06-08,Artsakh,Padania,2,0,CONIFA European Football Cup,Stepanakert,Azerbaijan,FALSE
2019-06-09,Brazil,Honduras,7,0,Friendly,Porto Alegre,Brazil,FALSE
2019-06-09,Cameroon,Zambia,2,1,Friendly,Majadahonda,Cameroon,FALSE
2019-06-09,DR Congo,Burkina Faso,0,0,Friendly,Marbella,Spain,TRUE
2019-06-09,Mexico,Ecuador,3,2,Friendly,Arlington,United States,TRUE
2019-06-09,Paraguay,Guatemala,2,0,Friendly,Asuncion,Paraguay,FALSE
2019-06-09,Peru,Colombia,0,3,Friendly,Lima,Peru,FALSE
2019-06-09,Turkmenistan,Uganda,0,0,Friendly,Abu Dhabi,United Arab Emirates,TRUE
2019-06-09,United States,Venezuela,0,3,Friendly,Cincinnati,United States,FALSE
2019-06-09,Switzerland,England,0,0,UEFA Nations League,Guimaraes,Portugal,TRUE
2019-06-09,Portugal,Netherlands,1,0,UEFA Nations League,Porto,Portugal,FALSE
2019-06-09,Western Armenia,South Ossetia,0,1,CONIFA European Football Cup,Stepanakert,Azerbaijan,TRUE
2019-06-10,Czech Republic,Montenegro,3,0,UEFA Euro qualification,Olomouc,Czech Republic,FALSE
2019-06-10,Bulgaria,Kosovo,2,3,UEFA Euro qualification,Sofia,Bulgaria,FALSE
2019-06-10,Serbia,Lithuania,4,1,UEFA Euro qualification,Belgrade,Serbia,FALSE
2019-06-10,Ukraine,Luxembourg,1,0,UEFA Euro qualification,Lviv,Ukraine,FALSE
2019-06-10,Republic of Ireland,Gibraltar,2,0,UEFA Euro qualification,Dublin,Republic of Ireland,FALSE
2019-06-10,Denmark,Georgia,5,1,UEFA Euro qualification,Copenhagen,Denmark,FALSE
2019-06-10,Faroe Islands,Norway,0,2,UEFA Euro qualification,Tórshavn,Faroe Islands,FALSE
2019-06-10,Malta,Romania,0,4,UEFA Euro qualification,Attard,Malta,FALSE
2019-06-10,Spain,Sweden,3,0,UEFA Euro qualification,Madrid,Spain,FALSE
2019-06-10,North Macedonia,Austria,1,4,UEFA Euro qualification,Skopje,North Macedonia,FALSE
2019-06-10,Poland,Israel,4,0,UEFA Euro qualification,Warsaw,Poland,FALSE
2019-06-10,Latvia,Slovenia,0,5,UEFA Euro qualification,Riga,Latvia,FALSE
2019-06-10,Vanuatu,Fiji,0,0,Friendly,Port Vila,Vanuatu,FALSE
2019-06-11,Germany,Estonia,8,0,UEFA Euro qualification,Mainz,Germany,FALSE
2019-06-11,Belarus,Northern Ireland,0,1,UEFA Euro qualification,Borisov,Belarus,FALSE
2019-06-11,Azerbaijan,Slovakia,1,5,UEFA Euro qualification,Baku,Azerbaijan,FALSE
2019-06-11,Hungary,Wales,1,0,UEFA Euro qualification,Budapest,Hungary,FALSE
2019-06-11,Iceland,Turkey,2,1,UEFA Euro qualification,Reykjavík,Iceland,FALSE
2019-06-11,Albania,Moldova,2,0,UEFA Euro qualification,Elbasan,Albania,FALSE
2019-06-11,Andorra,France,0,4,UEFA Euro qualification,Andorra la Vella,Andorra,FALSE
2019-06-11,Kazakhstan,San Marino,4,0,UEFA Euro qualification,Nur-Sultan,Kazakhstan,FALSE
2019-06-11,Belgium,Scotland,3,0,UEFA Euro qualification,Brussels,Belgium,FALSE
2019-06-11,Russia,Cyprus,1,0,UEFA Euro qualification,Nizhny Novgorod,Russia,FALSE
2019-06-11,Italy,Bosnia and Herzegovina,2,1,UEFA Euro qualification,Turin,Italy,FALSE
2019-06-11,Liechtenstein,Finland,0,2,UEFA Euro qualification,Vaduz,Liechtenstein,FALSE
2019-06-11,Greece,Armenia,2,3,UEFA Euro qualification,Athens,Greece,FALSE
2019-06-11,Algeria,Burundi,1,1,Friendly,Doha,Qatar,TRUE
2019-06-11,Benin,Guinea,1,0,Friendly,Marrakech,Morocco,TRUE
2019-06-11,China PR,Tajikistan,1,0,Friendly,Guangzhou,China PR,FALSE
2019-06-11,Croatia,Tunisia,1,2,Friendly,Varaždin,Croatia,FALSE
2019-06-11,Hong Kong,Chinese Taipei,0,2,Friendly,Hong Kong,Hong Kong,FALSE
2019-06-11,Jordan,Indonesia,4,1,Friendly,Amman,Jordan,FALSE
2019-06-11,South Korea,Iran,1,1,Friendly,Seoul,South Korea,FALSE
2019-06-11,Kyrgyzstan,Palestine,2,2,Friendly,Bishkek,Kyrgyzstan,FALSE
2019-06-11,Singapore,Myanmar,1,2,Friendly,Kallang,Singapore,FALSE
2019-06-11,Uzbekistan,Syria,2,0,Friendly,Tashkent,Uzbekistan,FALSE
2019-06-12,Morocco,Gambia,0,1,Friendly,Marrakech,Morocco,FALSE
2019-06-12,Ynys Môn,Saint Helena,7,2,Friendly,Anglesey,Wales,FALSE
2019-06-13,Egypt,Tanzania,1,0,Friendly,Alexandria,Egypt,FALSE
2019-06-14,Cameroon,Mali,1,1,Friendly,Al Wakrah,Qatar,TRUE
2019-06-14,Madagascar,Mauritania,1,3,Friendly,Marrakech,Morocco,TRUE
2019-06-14,Brazil,Bolivia,3,0,Copa América,São Paulo,Brazil,FALSE
2019-06-15,Venezuela,Peru,0,0,Copa América,Porto Alegre,Brazil,TRUE
2019-06-15,Argentina,Colombia,0,2,Copa América,Salvador,Brazil,TRUE
2019-06-15,Canada,Martinique,4,0,Gold Cup,Los Angeles,United States,TRUE
2019-06-15,Mexico,Cuba,7,0,Gold Cup,Los Angeles,United States,TRUE
2019-06-16,Jersey,Orkney,5,0,Inter Games Football Tournament,Anglesey,Wales,TRUE
2019-06-16,Ynys Môn,Western Isles,2,1,Inter Games Football Tournament,Anglesey,Wales,FALSE
2019-06-16,Alderney,Hitra,2,4,Inter Games Football Tournament,Anglesey,Wales,TRUE
2019-06-16,Saint Helena,Shetland,1,6,Inter Games Football Tournament,Anglesey,Wales,TRUE
2019-06-16,Paraguay,Qatar,2,2,Copa América,Rio de Janeiro,Brazil,TRUE
2019-06-16,Uruguay,Ecuador,4,0,Copa América,Belo Horizonte,Brazil,TRUE
2019-06-16,Haiti,Bermuda,2,1,Gold Cup,San José,Jamaica,TRUE
2019-06-16,Costa Rica,Nicaragua,4,0,Gold Cup,San José,Jamaica,TRUE
2019-06-17,Ynys Môn,Orkney,3,1,Inter Games Football Tournament,Anglesey,Wales,FALSE
2019-06-17,Jersey,Western Isles,7,0,Inter Games Football Tournament,Anglesey,Wales,TRUE
2019-06-17,Isle of Man,Hitra,7,1,Inter Games Football Tournament,Anglesey,Wales,TRUE
2019-06-17,Guernsey,Shetland,2,1,Inter Games Football Tournament,Anglesey,Wales,TRUE
2019-06-17,Japan,Chile,0,4,Copa América,São Paulo,Brazil,TRUE
2019-06-17,Curacao,El Salvador,0,1,Gold Cup,Kingston,Jamaica,TRUE
2019-06-17,Jamaica,Honduras,3,2,Gold Cup,Kingston,Jamaica,FALSE
2019-06-18,Ynys Môn,Jersey,1,0,Inter Games Football Tournament,Anglesey,Wales,FALSE
2019-06-18,Western Isles,Orkney,1,2,Inter Games Football Tournament,Anglesey,Wales,TRUE
2019-06-18,Isle of Man,Alderney,6,1,Inter Games Football Tournament,Anglesey,Wales,TRUE
2019-06-18,Guernsey,Saint Helena,9,0,Inter Games Football Tournament,Anglesey,Wales,TRUE
2019-06-18,Bolivia,Peru,1,3,Copa América,Rio de Janeiro,Brazil,TRUE
2019-06-18,Brazil,Venezuela,0,0,Copa América,Salvador,Brazil,FALSE
2019-06-18,Panama,Trinidad and Tobago,2,0,Gold Cup,Saint Paul,United States,TRUE
2019-06-18,United States,Guyana,4,0,Gold Cup,Saint Paul,United States,FALSE
2019-06-19,Colombia,Qatar,1,0,Copa América,São Paulo,Brazil,TRUE
2019-06-19,Argentina,Paraguay,1,1,Copa América,Belo Horizonte,Brazil,TRUE
2019-06-19,Cuba,Martinique,0,3,Gold Cup,Denver,United States,TRUE
2019-06-19,Mexico,Canada,3,1,Gold Cup,Denver,United States,TRUE
2019-06-20,Western Isles,Saint Helena,2,1,Inter Games Football Tournament,Anglesey,Wales,TRUE
2019-06-20,Orkney,Alderney,1,2,Inter Games Football Tournament,Anglesey,Wales,TRUE
2019-06-20,Jersey,Hitra,3,1,Inter Games Football Tournament,Anglesey,Wales,TRUE
2019-06-20,Ynys Môn,Shetland,2,1,Inter Games Football Tournament,Anglesey,Wales,FALSE
2019-06-20,Isle of Man,Guernsey,2,3,Inter Games Football Tournament,Anglesey,Wales,TRUE
2019-06-20,Uruguay,Japan,2,2,Copa América,Porto Alegre,Brazil,TRUE
2019-06-20,Nicaragua,Haiti,0,2,Gold Cup,Frisco,United States,TRUE
2019-06-20,Costa Rica,Bermuda,2,1,Gold Cup,Frisco,United States,TRUE
2019-06-21,Shetland,Isle of Man,0,5,Inter Games Football Tournament,Anglesey,Wales,TRUE
2019-06-21,Ynys Môn,Guernsey,2,1,Inter Games Football Tournament,Anglesey,Wales,FALSE
2019-06-21,Egypt,Zimbabwe,1,0,African Cup of Nations,Cairo,Egypt,FALSE
2019-06-21,Ecuador,Chile,1,2,Copa América,Salvador,Brazil,TRUE
2019-06-21,El Salvador,Jamaica,0,0,Gold Cup,Houston,United States,TRUE
2019-06-21,Honduras,Curacao,0,1,Gold Cup,Houston,United States,TRUE
2019-06-22,DR Congo,Uganda,0,2,African Cup of Nations,Cairo,Egypt,TRUE
2019-06-22,Nigeria,Burundi,1,0,African Cup of Nations,Alexandria,Egypt,TRUE
2019-06-22,Guinea,Madagascar,2,2,African Cup of Nations,Alexandria,Egypt,TRUE
2019-06-22,Bolivia,Venezuela,1,3,Copa América,Belo Horizonte,Brazil,TRUE
2019-06-22,Peru,Brazil,0,5,Copa América,São Paulo,Brazil,TRUE
2019-06-22,Guyana,Panama,2,4,Gold Cup,Cleveland,United States,TRUE
2019-06-22,United States,Trinidad and Tobago,6,0,Gold Cup,Cleveland,United States,FALSE
2019-06-23,Senegal,Tanzania,2,0,African Cup of Nations,Cairo,Egypt,TRUE
2019-06-23,Algeria,Kenya,2,0,African Cup of Nations,Cairo,Egypt,TRUE
2019-06-23,Morocco,Namibia,1,0,African Cup of Nations,Cairo,Egypt,TRUE
2019-06-23,Colombia,Paraguay,1,0,Copa América,Salvador,Brazil,TRUE
2019-06-23,Qatar,Argentina,0,2,Copa América,Porto Alegre,Brazil,TRUE
2019-06-23,Canada,Cuba,7,0,Gold Cup,Charlotte,United States,TRUE
2019-06-23,Martinique,Mexico,2,3,Gold Cup,Charlotte,United States,TRUE
2019-06-24,Ivory Coast,South Africa,1,0,African Cup of Nations,Cairo,Egypt,TRUE
2019-06-24,Tunisia,Angola,1,1,African Cup of Nations,Suez,Egypt,TRUE
2019-06-24,Mali,Mauritania,4,1,African Cup of Nations,Suez,Egypt,TRUE
2019-06-24,Chile,Uruguay,0,1,Copa América,Rio de Janeiro,Brazil,TRUE
2019-06-24,Ecuador,Japan,1,1,Copa América,Belo Horizonte,Brazil,TRUE
2019-06-24,Bermuda,Nicaragua,2,0,Gold Cup,New Jersey,United States,TRUE
2019-06-24,Haiti,Costa Rica,2,1,Gold Cup,New Jersey,United States,TRUE
2019-06-25,Cameroon,Guinea-Bissau,2,0,African Cup of Nations,Ismailia,Egypt,TRUE
2019-06-25,Ghana,Benin,2,2,African Cup of Nations,Ismailia,Egypt,TRUE
2019-06-25,Jamaica,Curacao,1,1,Gold Cup,Los Angeles,United States,TRUE
2019-06-25,Honduras,El Salvador,4,0,Gold Cup,Los Angeles,United States,TRUE
2019-06-26,Uganda,Zimbabwe,1,1,African Cup of Nations,Cairo,Egypt,TRUE
2019-06-26,Egypt,DR Congo,2,0,African Cup of Nations,Cairo,Egypt,FALSE
2019-06-26,Nigeria,Guinea,1,0,African Cup of Nations,Alexandria,Egypt,TRUE
2019-06-26,Trinidad and Tobago,Guyana,1,1,Gold Cup,Kansas City,United States,TRUE
2019-06-26,United States,Panama,1,0,Gold Cup,Kansas City,United States,FALSE
2019-06-27,Madagascar,Burundi,1,0,African Cup of Nations,Alexandria,Egypt,TRUE
2019-06-27,Senegal,Algeria,0,1,African Cup of Nations,Cairo,Egypt,TRUE
2019-06-27,Kenya,Tanzania,3,2,African Cup of Nations,Cairo,Egypt,TRUE
2019-06-27,Brazil,Paraguay,0,0,Copa América,Porto Alegre,Brazil,FALSE
2019-06-28,Morocco,Ivory Coast,1,0,African Cup of Nations,Cairo,Egypt,TRUE
2019-06-28,South Africa,Namibia,1,0,African Cup of Nations,Cairo,Egypt,TRUE
2019-06-28,Tunisia,Mali,1,1,African Cup of Nations,Suez,Egypt,TRUE
2019-06-28,Colombia,Chile,0,0,Copa América,São Paulo,Brazil,TRUE
2019-06-28,Venezuela,Argentina,0,2,Copa América,Rio de Janeiro,Brazil,TRUE
2019-06-29,Mauritania,Angola,0,0,African Cup of Nations,Suez,Egypt,TRUE
2019-06-29,Cameroon,Ghana,0,0,African Cup of Nations,Ismailia,Egypt,TRUE
2019-06-29,Benin,Guinea-Bissau,0,0,African Cup of Nations,Ismailia,Egypt,TRUE
2019-06-29,Uruguay,Peru,0,0,Copa América,Salvador,Brazil,TRUE
2019-06-29,Haiti,Canada,3,2,Gold Cup,Houston,United States,TRUE
2019-06-29,Mexico,Costa Rica,1,1,Gold Cup,Houston,United States,TRUE
2019-06-30,Egypt,Uganda,2,0,African Cup of Nations,Cairo,Egypt,FALSE
2019-06-30,Zimbabwe,DR Congo,0,4,African Cup of Nations,Cairo,Egypt,TRUE
2019-06-30,Burundi,Guinea,0,2,African Cup of Nations,Cairo,Egypt,TRUE
2019-06-30,Madagascar,Nigeria,2,0,African Cup of Nations,Alexandria,Egypt,TRUE
2019-06-30,Jamaica,Panama,1,0,Gold Cup,Philadelphia,United States,TRUE
2019-06-30,United States,Curacao,1,0,Gold Cup,Philadelphia,United States,FALSE
2019-07-01,Kenya,Senegal,0,3,African Cup of Nations,Cairo,Egypt,TRUE
2019-07-01,Tanzania,Algeria,0,3,African Cup of Nations,Cairo,Egypt,TRUE
2019-07-01,Namibia,Ivory Coast,1,4,African Cup of Nations,Cairo,Egypt,TRUE
2019-07-01,South Africa,Morocco,0,1,African Cup of Nations,Cairo,Egypt,TRUE
2019-07-02,Angola,Mali,0,1,African Cup of Nations,Ismailia,Egypt,TRUE
2019-07-02,Mauritania,Tunisia,0,0,African Cup of Nations,Suez,Egypt,TRUE
2019-07-02,Benin,Cameroon,0,0,African Cup of Nations,Ismailia,Egypt,TRUE
2019-07-02,Guinea-Bissau,Ghana,0,2,African Cup of Nations,Suez,Egypt,TRUE
2019-07-02,Brazil,Argentina,2,0,Copa América,Belo Horizonte,Brazil,FALSE
2019-07-02,Haiti,Mexico,0,1,Gold Cup,Glendale,United States,TRUE
2019-07-03,Chile,Peru,0,3,Copa América,Porto Alegre,Brazil,TRUE
2019-07-03,United States,Jamaica,3,1,Gold Cup,Nashville,United States,FALSE
2019-07-05,Morocco,Benin,1,1,African Cup of Nations,Cairo,Egypt,TRUE
2019-07-05,Uganda,Senegal,0,1,African Cup of Nations,Cairo,Egypt,TRUE
2019-07-06,Egypt,South Africa,0,1,African Cup of Nations,Cairo,Egypt,FALSE
2019-07-06,Nigeria,Cameroon,3,2,African Cup of Nations,Alexandria,Egypt,TRUE
2019-07-06,Argentina,Chile,2,1,Copa América,São Paulo,Brazil,TRUE
2019-07-07,Algeria,Guinea,3,0,African Cup of Nations,Cairo,Egypt,TRUE
2019-07-07,Madagascar,DR Congo,2,2,African Cup of Nations,Alexandria,Egypt,TRUE
2019-07-07,Brazil,Peru,3,1,Copa América,Rio de Janeiro,Brazil,FALSE
2019-07-07,United States,Mexico,0,1,Gold Cup,Chicago,United States,FALSE
2019-07-07,India,Tajikistan,2,4,Intercontinental Cup,Ahmedabad,India,FALSE
2019-07-08,Ghana,Tunisia,1,1,African Cup of Nations,Ismaila,Egypt,TRUE
2019-07-08,Mali,Ivory Coast,0,1,African Cup of Nations,Suez,Egypt,TRUE
2019-07-08,Samoa,Papua New Guinea,0,6,Pacific Games,Apia,Samoa,FALSE
2019-07-08,American Samoa,New Caledonia,0,5,Pacific Games,Apia,Samoa,TRUE
2019-07-08,Tuvalu,Solomon Islands,0,13,Pacific Games,Apia,Samoa,TRUE
2019-07-08,Tahiti,Fiji,1,2,Pacific Games,Apia,Samoa,TRUE
2019-07-08,Syria,North Korea,5,2,Intercontinental Cup,Ahmedabad,India,TRUE
2019-07-10,Nigeria,South Africa,2,1,African Cup of Nations,Cairo,Egypt,TRUE
2019-07-10,Senegal,Benin,1,0,African Cup of Nations,Cairo,Egypt,TRUE
2019-07-10,Papua New Guinea,Vanuatu,2,0,Pacific Games,Apia,Samoa,TRUE
2019-07-10,Tuvalu,Tahiti,0,7,Pacific Games,Apia,Samoa,TRUE
2019-07-10,American Samoa,Fiji,0,9,Pacific Games,Apia,Samoa,TRUE
2019-07-10,Solomon Islands,New Caledonia,0,2,Pacific Games,Apia,Samoa,TRUE
2019-07-10,Tajikistan,Syria,2,0,Intercontinental Cup,Ahmedabad,India,TRUE
2019-07-11,Ivory Coast,Algeria,1,1,African Cup of Nations,Suez,Egypt,TRUE
2019-07-11,Madagascar,Tunisia,0,3,African Cup of Nations,Cairo,Egypt,TRUE
2019-07-12,Samoa,Tonga,2,0,Pacific Games,Apia,Samoa,FALSE
2019-07-12,American Samoa,Tuvalu,1,1,Pacific Games,Apia,Samoa,TRUE
2019-07-12,Solomon Islands,Tahiti,0,3,Pacific Games,Apia,Samoa,TRUE
2019-07-12,New Caledonia,Fiji,1,0,Pacific Games,Apia,Samoa,TRUE
2019-07-13,India,North Korea,2,5,Intercontinental Cup,Ahmedabad,India,FALSE
2019-07-14,Algeria,Nigeria,2,1,African Cup of Nations,Cairo,Egypt,TRUE
2019-07-14,Senegal,Tunisia,1,0,African Cup of Nations,Cairo,Egypt,TRUE
2019-07-15,Tonga,Vanuatu,0,14,Pacific Games,Apia,Samoa,TRUE
2019-07-15,Fiji,Tuvalu,10,1,Pacific Games,Apia,Samoa,TRUE
2019-07-15,Solomon Islands,American Samoa,13,0,Pacific Games,Apia,Samoa,TRUE
2019-07-15,Tahiti,New Caledonia,0,3,Pacific Games,Apia,Samoa,TRUE
2019-07-15,North Korea,Tajikistan,1,0,Intercontinental Cup,Ahmedabad,India,TRUE
2019-07-16,India,Syria,1,1,Intercontinental Cup,Ahmedabad,India,FALSE
2019-07-17,Tunisia,Nigeria,0,1,African Cup of Nations,Cairo,Egypt,TRUE
2019-07-18,Papua New Guinea,Tonga,8,0,Pacific Games,Apia,Samoa,TRUE
2019-07-18,Samoa,Vanuatu,0,11,Pacific Games,Apia,Samoa,FALSE
2019-07-18,New Caledonia,Tuvalu,11,0,Pacific Games,Apia,Samoa,TRUE
2019-07-18,American Samoa,Tahiti,8,1,Pacific Games,Apia,Samoa,TRUE
2019-07-18,Fiji,Solomon Islands,4,4,Pacific Games,Apia,Samoa,TRUE
2019-07-19,Senegal,Algeria,0,1,African Cup of Nations,Cairo,Egypt,TRUE
2019-07-19,Tajikistan,North Korea,0,1,Intercontinental Cup,Ahmedabad,India,TRUE
2019-07-20,Papua New Guinea,Fiji,1,1,Pacific Games,Apia,Samoa,TRUE
